timestamp,temperature_real,masse_real
2026-04-02T10:49:09,34.51,44.9848
2026-04-02T10:49:14,34.42,44.9846
2026-04-02T10:49:19,34.56,44.9844
2026-04-02T10:49:24,34.45,44.9841
2026-04-02T10:49:29,34.53,44.9839
2026-04-02T10:49:34,34.41,44.9837
2026-04-02T10:49:39,34.51,44.9834
2026-04-02T10:49:44,34.46,44.9832
2026-04-02T10:49:49,34.59,44.983
2026-04-02T10:49:54,34.53,44.9827
2026-04-02T10:49:59,34.4,44.9825
2026-04-02T10:50:04,34.6,44.9823
2026-04-02T10:50:09,34.52,44.982
2026-04-02T10:50:14,34.57,44.9818
2026-04-02T10:50:19,34.55,44.9816
2026-04-02T10:50:24,34.41,44.9813
2026-04-02T10:50:29,34.45,44.9811
2026-04-02T10:50:34,34.43,44.9809
2026-04-02T10:50:39,34.49,44.9806
2026-04-02T10:50:44,34.49,44.9804
2026-04-02T10:50:49,34.46,44.9802
2026-04-02T10:50:54,34.6,44.9799
2026-04-02T10:50:59,34.53,44.9797
2026-04-02T10:51:04,34.49,44.9795
2026-04-02T10:51:09,34.57,44.9792
2026-04-02T10:51:14,34.49,44.979
2026-04-02T10:51:19,34.42,44.9788
2026-04-02T10:51:24,34.54,44.9785
2026-04-02T10:51:29,34.41,44.9783
2026-04-02T10:51:34,34.58,44.9781
2026-04-02T10:51:39,34.48,44.9778
2026-04-02T10:51:44,34.48,44.9776
2026-04-02T10:51:49,34.43,44.9774
2026-04-02T10:51:54,34.46,44.9771
2026-04-02T10:51:59,34.54,44.9769
2026-04-02T10:52:09,34.58,44.9764
2026-04-02T10:52:14,34.51,44.9762
2026-04-02T10:52:19,34.56,44.976
2026-04-02T10:52:29,34.5,44.9755
2026-04-02T10:52:34,34.59,44.9753
2026-04-02T10:52:39,34.47,44.9751
2026-04-02T10:52:44,34.53,44.9748
2026-04-02T10:52:49,34.49,44.9746
2026-04-02T10:52:54,34.43,44.9744
2026-04-02T10:52:59,34.48,44.9741
2026-04-02T10:53:04,34.51,44.9739
2026-04-02T10:53:09,34.43,44.9737
2026-04-02T10:53:14,34.5,44.9734
2026-04-02T10:53:24,34.59,44.973
2026-04-02T10:53:29,34.56,44.9727
2026-04-02T10:53:34,34.43,44.9725
2026-04-02T10:53:39,34.43,44.9723
2026-04-02T10:53:44,34.6,44.972
2026-04-02T10:53:49,34.52,44.9718
2026-04-02T10:53:54,34.45,44.9716
2026-04-02T10:53:59,34.44,44.9713
2026-04-02T10:54:04,34.4,44.9711
2026-04-02T10:54:09,34.43,44.9709
2026-04-02T10:54:14,34.45,44.9706
2026-04-02T10:54:19,34.44,44.9704
2026-04-02T10:54:29,34.59,44.9699
2026-04-02T10:54:34,34.43,44.9697
2026-04-02T10:54:39,34.58,44.9695
2026-04-02T10:54:44,34.47,44.9692
2026-04-02T10:54:49,34.48,44.969
2026-04-02T10:54:54,34.55,44.9688
2026-04-02T10:54:59,34.53,44.9685
2026-04-02T10:55:04,34.52,44.9683
2026-04-02T10:55:09,34.41,44.9681
2026-04-02T10:55:14,34.53,44.9678
2026-04-02T10:55:19,34.5,44.9676
2026-04-02T10:55:24,34.46,44.9674
2026-04-02T10:55:29,34.4,44.9671
2026-04-02T10:55:34,34.53,44.9669
2026-04-02T10:55:39,34.51,44.9667
2026-04-02T10:55:44,34.53,44.9664
2026-04-02T10:55:49,34.55,44.9662
2026-04-02T10:55:54,34.51,44.966
2026-04-02T10:55:59,34.48,44.9657
2026-04-02T10:56:04,34.4,44.9655
2026-04-02T10:56:09,34.42,44.9653
2026-04-02T10:56:14,34.6,44.965
2026-04-02T10:56:19,34.52,44.9648
2026-04-02T10:56:24,34.5,44.9646
2026-04-02T10:56:29,34.4,44.9643
2026-04-02T10:56:34,34.55,44.9641
2026-04-02T10:56:39,34.55,44.9639
2026-04-02T10:56:44,34.5,44.9636
2026-04-02T10:56:49,34.5,44.9634
2026-04-02T10:56:59,34.57,44.9629
2026-04-02T10:57:04,34.53,44.9627
2026-04-02T10:57:09,34.45,44.9625
2026-04-02T10:57:14,34.43,44.9622
2026-04-02T10:57:24,34.51,44.9618
2026-04-02T10:57:34,34.56,44.9613
2026-04-02T10:57:39,34.47,44.9611
2026-04-02T10:57:44,34.49,44.9608
2026-04-02T10:57:49,34.41,44.9606
2026-04-02T10:57:54,34.5,44.9604
2026-04-02T10:57:59,34.5,44.9601
2026-04-02T10:58:04,34.43,44.9599
2026-04-02T10:58:09,34.48,44.9597
2026-04-02T10:58:14,34.53,44.9595
2026-04-02T10:58:19,34.56,44.9592
2026-04-02T10:58:24,34.59,44.959
2026-04-02T10:58:29,34.53,44.9588
2026-04-02T10:58:34,34.52,44.9585
2026-04-02T10:58:39,34.48,44.9583
2026-04-02T10:58:44,34.57,44.9581
2026-04-02T10:58:49,34.43,44.9578
2026-04-02T10:58:54,34.57,44.9576
2026-04-02T10:58:59,34.46,44.9574
2026-04-02T10:59:04,34.48,44.9571
2026-04-02T10:59:09,34.41,44.9569
2026-04-02T10:59:14,34.53,44.9567
2026-04-02T10:59:19,34.46,44.9564
2026-04-02T10:59:29,34.44,44.956
2026-04-02T10:59:34,34.42,44.9557
2026-04-02T10:59:39,34.42,44.9555
2026-04-02T10:59:44,34.4,44.9553
2026-04-02T10:59:49,34.41,44.955
2026-04-02T10:59:54,34.46,44.9548
2026-04-02T10:59:59,34.52,44.9546
2026-04-02T11:00:04,34.47,44.9548
2026-04-02T11:00:09,34.57,44.9551
2026-04-02T11:00:14,34.47,44.9553
2026-04-02T11:00:19,34.48,44.9556
2026-04-02T11:00:29,34.6,44.9561
2026-04-02T11:00:34,34.45,44.9563
2026-04-02T11:00:39,34.45,44.9566
2026-04-02T11:00:44,34.54,44.9568
2026-04-02T11:00:49,34.49,44.9571
2026-04-02T11:00:54,34.52,44.9574
2026-04-02T11:00:59,34.44,44.9576
2026-04-02T11:01:04,34.44,44.9579
2026-04-02T11:01:09,34.49,44.9581
2026-04-02T11:01:14,34.4,44.9584
2026-04-02T11:01:19,34.58,44.9586
2026-04-02T11:01:24,34.58,44.9589
2026-04-02T11:01:29,34.41,44.9591
2026-04-02T11:01:39,34.46,44.9596
2026-04-02T11:01:44,34.4,44.9599
2026-04-02T11:01:49,34.58,44.9601
2026-04-02T11:01:59,34.5,44.9606
2026-04-02T11:02:04,34.58,44.9609
2026-04-02T11:02:09,34.59,44.9612
2026-04-02T11:02:14,34.42,44.9614
2026-04-02T11:02:19,34.54,44.9617
2026-04-02T11:02:24,34.45,44.9619
2026-04-02T11:02:34,34.44,44.9624
2026-04-02T11:02:39,34.42,44.9627
2026-04-02T11:02:44,34.46,44.9629
2026-04-02T11:02:49,34.43,44.9632
2026-04-02T11:02:54,34.43,44.9634
2026-04-02T11:02:59,34.57,44.9637
2026-04-02T11:03:04,34.44,44.9639
2026-04-02T11:03:09,34.46,44.9642
2026-04-02T11:03:14,34.57,44.9645
2026-04-02T11:03:19,34.44,44.9647
2026-04-02T11:03:29,34.5,44.9652
2026-04-02T11:03:34,34.53,44.9655
2026-04-02T11:03:39,34.45,44.9657
2026-04-02T11:03:44,34.42,44.966
2026-04-02T11:03:49,34.43,44.9662
2026-04-02T11:03:54,34.41,44.9665
2026-04-02T11:03:59,34.43,44.9667
2026-04-02T11:04:04,34.54,44.967
2026-04-02T11:04:09,34.52,44.9672
2026-04-02T11:04:14,34.47,44.9675
2026-04-02T11:04:19,34.49,44.9678
2026-04-02T11:04:24,34.44,44.968
2026-04-02T11:04:29,34.58,44.9683
2026-04-02T11:04:34,34.51,44.9685
2026-04-02T11:04:39,34.56,44.9688
2026-04-02T11:04:44,34.5,44.969
2026-04-02T11:04:49,34.57,44.9693
2026-04-02T11:04:54,34.45,44.9695
2026-04-02T11:05:04,34.41,44.97
2026-04-02T11:05:14,34.43,44.9705
2026-04-02T11:05:19,34.59,44.9708
2026-04-02T11:05:24,34.45,44.971
2026-04-02T11:05:29,34.52,44.9713
2026-04-02T11:05:34,34.41,44.9716
2026-04-02T11:05:39,34.54,44.9718
2026-04-02T11:05:44,34.59,44.9721
2026-04-02T11:05:49,34.46,44.9723
2026-04-02T11:05:54,34.57,44.9726
2026-04-02T11:05:59,34.57,44.9728
2026-04-02T11:06:04,34.57,44.9731
2026-04-02T11:06:09,34.55,44.9733
2026-04-02T11:06:14,34.45,44.9736
2026-04-02T11:06:24,34.44,44.9741
2026-04-02T11:06:29,34.53,44.9743
2026-04-02T11:06:34,34.45,44.9746
2026-04-02T11:06:39,34.49,44.9749
2026-04-02T11:06:44,34.46,44.9751
2026-04-02T11:06:49,34.6,44.9754
2026-04-02T11:06:54,34.46,44.9756
2026-04-02T11:06:59,34.51,44.9759
2026-04-02T11:07:04,34.54,44.9761
2026-04-02T11:07:09,34.55,44.9764
2026-04-02T11:07:14,34.45,44.9766
2026-04-02T11:07:19,34.52,44.9769
2026-04-02T11:07:24,34.59,44.9771
2026-04-02T11:07:29,34.47,44.9774
2026-04-02T11:07:34,34.44,44.9776
2026-04-02T11:07:44,34.59,44.9782
2026-04-02T11:07:49,34.46,44.9784
2026-04-02T11:07:54,34.53,44.9787
2026-04-02T11:07:59,34.43,44.9789
2026-04-02T11:08:04,34.57,44.9792
2026-04-02T11:08:09,34.41,44.9794
2026-04-02T11:08:14,34.5,44.9797
2026-04-02T11:08:19,34.41,44.9799
2026-04-02T11:08:24,34.43,44.9802
2026-04-02T11:08:29,34.58,44.9804
2026-04-02T11:08:34,34.45,44.9807
2026-04-02T11:08:39,34.5,44.9809
2026-04-02T11:08:49,34.5,44.9815
2026-04-02T11:08:59,34.56,44.982
2026-04-02T11:09:04,34.47,44.9822
2026-04-02T11:09:09,34.5,44.9825
2026-04-02T11:09:14,34.44,44.9827
2026-04-02T11:09:24,34.44,44.9832
2026-04-02T11:09:34,34.42,44.9837
2026-04-02T11:09:39,34.58,44.984
2026-04-02T11:09:44,34.44,44.9842
2026-04-02T11:09:49,34.45,44.9845
2026-04-02T11:09:54,34.54,44.9848
2026-04-02T11:10:04,34.41,44.9853
2026-04-02T11:10:09,34.44,44.9855
2026-04-02T11:10:14,34.49,44.9858
2026-04-02T11:10:24,34.54,44.9863
2026-04-02T11:10:29,34.56,44.9865
2026-04-02T11:10:34,34.45,44.9868
2026-04-02T11:10:39,34.49,44.987
2026-04-02T11:10:44,34.53,44.9873
2026-04-02T11:10:49,34.48,44.9875
2026-04-02T11:10:54,34.46,44.9878
2026-04-02T11:10:59,34.54,44.9881
2026-04-02T11:11:04,34.44,44.9883
2026-04-02T11:11:09,34.55,44.9886
2026-04-02T11:11:14,34.41,44.9888
2026-04-02T11:11:19,34.58,44.9891
2026-04-02T11:11:24,34.48,44.9893
2026-04-02T11:11:29,34.6,44.9896
2026-04-02T11:11:34,34.52,44.9898
2026-04-02T11:11:39,34.53,44.9901
2026-04-02T11:11:44,34.55,44.9903
2026-04-02T11:11:49,34.59,44.9906
2026-04-02T11:11:54,34.5,44.9908
2026-04-02T11:11:59,34.56,44.9911
2026-04-02T11:12:04,34.54,44.9914
2026-04-02T11:12:09,34.43,44.9916
2026-04-02T11:12:14,34.49,44.9919
2026-04-02T11:12:19,34.47,44.9921
2026-04-02T11:12:24,34.5,44.9924
2026-04-02T11:12:29,34.45,44.9926
2026-04-02T11:12:34,34.4,44.9929
2026-04-02T11:12:39,34.48,44.9931
2026-04-02T11:12:44,34.5,44.9934
2026-04-02T11:12:49,34.45,44.9936
2026-04-02T11:12:59,34.54,44.9941
2026-04-02T11:13:04,34.52,44.9944
2026-04-02T11:13:09,34.5,44.9947
2026-04-02T11:13:14,34.52,44.9949
2026-04-02T11:13:19,34.43,44.9952
2026-04-02T11:13:24,34.49,44.9954
2026-04-02T11:13:29,34.45,44.9957
2026-04-02T11:13:34,34.55,44.9959
2026-04-02T11:13:39,34.47,44.9962
2026-04-02T11:13:44,34.57,44.9964
2026-04-02T11:13:49,34.54,44.9967
2026-04-02T11:13:54,34.56,44.9969
2026-04-02T11:13:59,34.43,44.9972
2026-04-02T11:14:14,34.54,44.998
2026-04-02T11:14:19,34.48,44.9982
2026-04-02T11:14:24,34.46,44.9985
2026-04-02T11:14:29,34.45,44.9987
2026-04-02T11:14:34,34.48,44.999
2026-04-02T11:14:39,34.4,44.9992
2026-04-02T11:14:44,34.47,44.9995
2026-04-02T11:14:49,34.55,44.9997
2026-04-02T11:14:54,34.53,45.0
2026-04-02T11:14:59,34.48,45.0002
2026-04-02T11:15:04,34.59,45.0005
2026-04-02T11:15:09,34.49,45.0008
2026-04-02T11:15:14,34.41,45.001
2026-04-02T11:15:19,34.41,45.0013
2026-04-02T11:15:24,34.45,45.0015
2026-04-02T11:15:29,34.49,45.0018
2026-04-02T11:15:34,34.44,45.002
2026-04-02T11:15:39,34.42,45.0023
2026-04-02T11:15:49,34.56,45.0028
2026-04-02T11:15:54,34.56,45.003
2026-04-02T11:15:59,34.5,45.0033
2026-04-02T11:16:04,34.52,45.0036
2026-04-02T11:16:09,34.57,45.0038
2026-04-02T11:16:14,34.41,45.0041
2026-04-02T11:16:19,34.43,45.0043
2026-04-02T11:16:24,34.42,45.0046
2026-04-02T11:16:29,34.42,45.0048
2026-04-02T11:16:34,34.58,45.0051
2026-04-02T11:16:39,34.56,45.0053
2026-04-02T11:16:44,34.44,45.0056
2026-04-02T11:16:49,34.59,45.0058
2026-04-02T11:16:59,34.56,45.0063
2026-04-02T11:17:04,34.45,45.0066
2026-04-02T11:17:09,34.59,45.0069
2026-04-02T11:17:14,34.45,45.0071
2026-04-02T11:17:19,34.4,45.0074
2026-04-02T11:17:24,34.55,45.0076
2026-04-02T11:17:34,34.5,45.0081
2026-04-02T11:17:39,34.43,45.0084
2026-04-02T11:17:44,34.53,45.0086
2026-04-02T11:17:49,34.52,45.0089
2026-04-02T11:17:54,34.47,45.0091
2026-04-02T11:17:59,34.55,45.0094
2026-04-02T11:18:04,34.49,45.0097
2026-04-02T11:18:09,34.53,45.0099
2026-04-02T11:18:14,34.43,45.0102
2026-04-02T11:18:19,34.57,45.0104
2026-04-02T11:18:24,34.52,45.0107
2026-04-02T11:18:29,34.5,45.0109
2026-04-02T11:18:34,34.57,45.0112
2026-04-02T11:18:39,34.5,45.0114
2026-04-02T11:18:44,34.51,45.0117
2026-04-02T11:18:49,34.56,45.0119
2026-04-02T11:18:54,34.46,45.0122
2026-04-02T11:18:59,34.46,45.0124
2026-04-02T11:19:14,34.44,45.0132
2026-04-02T11:19:19,34.48,45.0135
2026-04-02T11:19:24,34.55,45.0137
2026-04-02T11:19:29,34.56,45.014
2026-04-02T11:19:34,34.53,45.0142
2026-04-02T11:19:39,34.6,45.0145
2026-04-02T11:19:44,34.54,45.0147
2026-04-02T11:19:49,34.42,45.015
2026-04-02T11:19:54,34.48,45.0152
2026-04-02T11:19:59,34.6,45.0155
2026-04-02T11:20:09,34.55,45.016
2026-04-02T11:20:19,34.45,45.0165
2026-04-02T11:20:29,34.56,45.017
2026-04-02T11:20:34,34.51,45.0173
2026-04-02T11:20:39,34.54,45.0175
2026-04-02T11:20:44,34.6,45.0178
2026-04-02T11:20:49,34.53,45.018
2026-04-02T11:20:54,34.56,45.0183
2026-04-02T11:20:59,34.48,45.0185
2026-04-02T11:21:04,34.52,45.0188
2026-04-02T11:21:09,34.49,45.0191
2026-04-02T11:21:14,34.56,45.0193
2026-04-02T11:21:24,34.54,45.0198
2026-04-02T11:21:29,34.6,45.0201
2026-04-02T11:21:34,34.42,45.0203
2026-04-02T11:21:39,34.42,45.0206
2026-04-02T11:21:44,34.41,45.0208
2026-04-02T11:21:49,34.53,45.0211
2026-04-02T11:21:59,34.44,45.0216
2026-04-02T11:22:04,34.42,45.0219
2026-04-02T11:22:14,34.43,45.0224
2026-04-02T11:22:24,34.59,45.0229
2026-04-02T11:22:29,34.56,45.0231
2026-04-02T11:22:34,34.43,45.0234
2026-04-02T11:22:39,34.41,45.0236
2026-04-02T11:22:44,34.47,45.0239
2026-04-02T11:22:49,34.56,45.0241
2026-04-02T11:22:54,34.45,45.0244
2026-04-02T11:22:59,34.5,45.0247
2026-04-02T11:23:09,34.57,45.0252
2026-04-02T11:23:14,34.42,45.0254
2026-04-02T11:23:19,34.55,45.0257
2026-04-02T11:23:24,34.48,45.0259
2026-04-02T11:23:29,34.42,45.0262
2026-04-02T11:23:34,34.6,45.0264
2026-04-02T11:23:39,34.43,45.0267
2026-04-02T11:23:44,34.53,45.0269
2026-04-02T11:23:49,34.47,45.0272
2026-04-02T11:23:54,34.55,45.0275
2026-04-02T11:23:59,34.49,45.0277
2026-04-02T11:24:04,34.48,45.028
2026-04-02T11:24:09,34.48,45.0282
2026-04-02T11:24:14,34.41,45.0285
2026-04-02T11:24:19,34.49,45.0287
2026-04-02T11:24:24,34.59,45.029
2026-04-02T11:24:29,34.46,45.0292
2026-04-02T11:24:34,34.51,45.0295
2026-04-02T11:24:49,34.51,45.0303
2026-04-02T11:24:59,34.55,45.0308
2026-04-02T11:25:14,34.49,45.0315
2026-04-02T11:25:19,34.4,45.0318
2026-04-02T11:25:24,34.55,45.032
2026-04-02T11:25:29,34.44,45.0323
2026-04-02T11:25:34,34.45,45.0325
2026-04-02T11:25:39,34.6,45.0328
2026-04-02T11:25:44,34.4,45.0331
2026-04-02T11:25:49,34.41,45.0333
2026-04-02T11:25:54,34.57,45.0336
2026-04-02T11:25:59,34.59,45.0338
2026-04-02T11:26:04,34.52,45.0341
2026-04-02T11:26:09,34.41,45.0343
2026-04-02T11:26:14,34.5,45.0346
2026-04-02T11:26:19,34.41,45.0348
2026-04-02T11:26:24,34.58,45.0351
2026-04-02T11:26:29,34.59,45.0353
2026-04-02T11:26:34,34.58,45.0356
2026-04-02T11:26:39,34.55,45.0359
2026-04-02T11:26:44,34.41,45.0361
2026-04-02T11:26:49,34.55,45.0364
2026-04-02T11:26:59,34.59,45.0369
2026-04-02T11:27:04,34.46,45.0371
2026-04-02T11:27:09,34.52,45.0374
2026-04-02T11:27:14,34.52,45.0376
2026-04-02T11:27:19,34.5,45.0379
2026-04-02T11:27:34,34.56,45.0387
2026-04-02T11:27:39,34.51,45.0389
2026-04-02T11:27:44,34.45,45.0392
2026-04-02T11:27:49,34.44,45.0394
2026-04-02T11:27:54,34.55,45.0397
2026-04-02T11:27:59,34.51,45.0399
2026-04-02T11:28:04,34.6,45.0402
2026-04-02T11:28:09,34.41,45.0404
2026-04-02T11:28:19,34.47,45.0409
2026-04-02T11:28:24,34.5,45.0412
2026-04-02T11:28:39,34.41,45.042
2026-04-02T11:28:44,34.42,45.0422
2026-04-02T11:28:49,34.51,45.0425
2026-04-02T11:28:54,34.6,45.0427
2026-04-02T11:28:59,34.46,45.043
2026-04-02T11:29:04,34.41,45.0432
2026-04-02T11:29:09,34.55,45.0435
2026-04-02T11:29:14,34.47,45.0437
2026-04-02T11:29:19,34.51,45.044
2026-04-02T11:29:24,34.6,45.0443
2026-04-02T11:29:29,34.53,45.0445
2026-04-02T11:29:34,34.49,45.0448
2026-04-02T11:29:39,34.44,45.045
2026-04-02T11:29:44,34.46,45.0453
2026-04-02T11:29:49,34.57,45.0455
2026-04-02T11:29:54,34.52,45.0458
2026-04-02T11:30:04,34.5,45.0463
2026-04-02T11:30:09,34.44,45.0465
2026-04-02T11:30:14,34.43,45.0468
2026-04-02T11:30:19,34.46,45.0471
2026-04-02T11:30:29,34.49,45.0476
2026-04-02T11:30:34,34.55,45.0478
2026-04-02T11:30:39,34.53,45.0481
2026-04-02T11:30:49,34.43,45.0486
2026-04-02T11:30:54,34.6,45.0488
2026-04-02T11:30:59,34.46,45.0491
2026-04-02T11:31:04,34.41,45.0493
2026-04-02T11:31:09,34.48,45.0496
2026-04-02T11:31:14,34.46,45.0499
2026-04-02T11:31:29,34.4,45.0506
2026-04-02T11:31:34,34.41,45.0509
2026-04-02T11:31:39,34.6,45.0511
2026-04-02T11:31:49,34.53,45.0516
2026-04-02T11:31:51,34.41,45.0519
2026-04-02T11:31:56,34.49,45.0521
2026-04-02T11:32:06,34.55,45.0526
2026-04-02T11:32:11,34.58,45.0529
2026-04-02T11:32:16,34.46,45.0531
2026-04-02T11:32:21,34.57,45.0534
2026-04-02T11:32:26,34.55,45.0536
2026-04-02T11:32:31,34.5,45.0539
2026-04-02T11:32:41,34.51,45.0544
2026-04-02T11:32:46,34.46,45.0547
2026-04-02T11:32:51,34.4,45.0549
2026-04-02T11:32:56,34.43,45.0552
2026-04-02T11:33:01,34.45,45.0554
2026-04-02T11:33:06,34.42,45.0557
2026-04-02T11:33:11,34.4,45.0559
2026-04-02T11:33:16,34.42,45.0562
2026-04-02T11:33:21,34.49,45.0564
2026-04-02T11:33:26,34.47,45.0567
2026-04-02T11:33:30,34.5,45.057
2026-04-02T11:33:35,34.49,45.0572
2026-04-02T11:33:40,34.51,45.0575
2026-04-02T11:33:45,34.49,45.0577
2026-04-02T11:33:50,34.49,45.058
2026-04-02T11:34:00,34.46,45.0585
2026-04-02T11:34:05,34.43,45.0587
2026-04-02T11:34:10,34.45,45.059
2026-04-02T11:34:15,34.55,45.0592
2026-04-02T11:34:25,34.54,45.0598
2026-04-02T11:34:30,34.57,45.06
2026-04-02T11:34:40,34.55,45.0605
2026-04-02T11:34:45,34.51,45.0608
2026-04-02T11:34:50,34.46,45.061
2026-04-02T11:35:00,34.42,45.0615
2026-04-02T11:35:05,34.45,45.0618
2026-04-02T11:35:10,34.5,45.0621
2026-04-02T11:35:15,34.6,45.0623
2026-04-02T11:35:20,34.4,45.0626
2026-04-02T11:35:25,34.48,45.0628
2026-04-02T11:35:35,34.57,45.0633
2026-04-02T11:35:40,34.47,45.0636
2026-04-02T11:35:45,34.46,45.0638
2026-04-02T11:35:50,34.4,45.0641
2026-04-02T11:35:55,34.51,45.0643
2026-04-02T11:36:00,34.56,45.0646
2026-04-02T11:36:05,34.51,45.0649
2026-04-02T11:36:10,34.44,45.0651
2026-04-02T11:36:15,34.43,45.0654
2026-04-02T11:36:25,34.42,45.0659
2026-04-02T11:36:30,34.45,45.0661
2026-04-02T11:36:35,34.58,45.0664
2026-04-02T11:36:40,34.59,45.0666
2026-04-02T11:36:45,34.58,45.0669
2026-04-02T11:36:50,34.55,45.0671
2026-04-02T11:36:55,34.52,45.0674
2026-04-02T11:37:00,34.53,45.0677
2026-04-02T11:37:05,34.41,45.0679
2026-04-02T11:37:10,34.5,45.0682
2026-04-02T11:37:20,34.44,45.0687
2026-04-02T11:37:25,34.51,45.0689
2026-04-02T11:37:30,34.56,45.0692
2026-04-02T11:37:35,34.46,45.0694
2026-04-02T11:37:40,34.57,45.0697
2026-04-02T11:37:45,34.59,45.07
2026-04-02T11:37:50,34.51,45.0702
2026-04-02T11:37:55,34.41,45.0705
2026-04-02T11:38:00,34.6,45.0707
2026-04-02T11:38:10,34.47,45.0712
2026-04-02T11:38:15,34.51,45.0715
2026-04-02T11:38:25,34.5,45.072
2026-04-02T11:38:30,34.55,45.0722
2026-04-02T11:38:35,34.43,45.0725
2026-04-02T11:38:40,34.49,45.0728
2026-04-02T11:38:45,34.43,45.073
2026-04-02T11:38:50,34.52,45.0733
2026-04-02T11:38:55,34.54,45.0735
2026-04-02T11:39:00,34.59,45.0738
2026-04-02T11:39:05,34.55,45.074
2026-04-02T11:39:10,34.56,45.0743
2026-04-02T11:39:20,34.54,45.0748
2026-04-02T11:39:25,34.56,45.0751
2026-04-02T11:39:30,34.54,45.0753
2026-04-02T11:39:35,34.5,45.0756
2026-04-02T11:39:40,34.5,45.0758
2026-04-02T11:39:45,34.53,45.0761
2026-04-02T11:39:50,34.5,45.0763
2026-04-02T11:39:55,34.53,45.0766
2026-04-02T11:40:00,34.46,45.0768
2026-04-02T11:40:05,34.55,45.0771
2026-04-02T11:40:10,34.55,45.0774
2026-04-02T11:40:15,34.59,45.0776
2026-04-02T11:40:20,34.46,45.0779
2026-04-02T11:40:25,34.45,45.0781
2026-04-02T11:40:30,34.51,45.0784
2026-04-02T11:40:35,34.5,45.0786
2026-04-02T11:40:45,34.44,45.0791
2026-04-02T11:40:50,34.47,45.0794
2026-04-02T11:41:15,34.44,45.0807
2026-04-02T11:41:25,34.55,45.0812
2026-04-02T11:41:30,34.5,45.0814
2026-04-02T11:41:35,34.49,45.0817
2026-04-02T11:41:40,34.45,45.0819
2026-04-02T11:41:45,34.59,45.0822
2026-04-02T11:41:50,34.55,45.0825
2026-04-02T11:42:00,34.57,45.083
2026-04-02T11:42:05,34.48,45.0832
2026-04-02T11:42:10,34.57,45.0835
2026-04-02T11:42:15,34.47,45.0837
2026-04-02T11:42:20,34.51,45.084
2026-04-02T11:42:25,34.54,45.0842
2026-04-02T11:42:30,34.46,45.0845
2026-04-02T11:42:35,34.58,45.0847
2026-04-02T11:42:40,34.53,45.085
2026-04-02T11:42:50,34.45,45.0855
2026-04-02T11:42:55,34.52,45.0858
2026-04-02T11:43:00,34.56,45.086
2026-04-02T11:43:05,34.41,45.0863
2026-04-02T11:43:10,34.43,45.0865
2026-04-02T11:43:15,34.45,45.0868
2026-04-02T11:43:20,34.51,45.087
2026-04-02T11:43:25,34.53,45.0873
2026-04-02T11:43:30,34.5,45.0876
2026-04-02T11:43:35,34.59,45.0878
2026-04-02T11:43:40,34.47,45.0881
2026-04-02T11:43:45,34.47,45.0883
2026-04-02T11:43:50,34.42,45.0886
2026-04-02T11:43:55,34.51,45.0888
2026-04-02T11:44:00,34.55,45.0891
2026-04-02T11:44:05,34.42,45.0893
2026-04-02T11:44:10,34.58,45.0896
2026-04-02T11:44:15,34.55,45.0899
2026-04-02T11:44:20,34.6,45.0901
2026-04-02T11:44:30,34.5,45.0906
2026-04-02T11:44:35,34.47,45.0909
2026-04-02T11:44:40,34.49,45.0911
2026-04-02T11:44:50,34.56,45.0916
2026-04-02T11:44:55,34.56,45.0919
2026-04-02T11:45:00,34.56,45.0921
2026-04-02T11:45:05,34.59,45.0924
2026-04-02T11:45:10,34.43,45.0927
2026-04-02T11:45:15,34.52,45.0929
2026-04-02T11:45:20,34.58,45.0932
2026-04-02T11:45:25,34.6,45.0934
2026-04-02T11:45:30,34.48,45.0937
2026-04-02T11:45:35,34.5,45.0939
2026-04-02T11:45:40,34.46,45.0942
2026-04-02T11:45:45,34.57,45.0944
2026-04-02T11:45:50,34.56,45.0947
2026-04-02T11:46:05,34.47,45.0955
2026-04-02T11:46:10,34.54,45.0957
2026-04-02T11:46:15,34.56,45.096
2026-04-02T11:46:20,34.58,45.0962
2026-04-02T11:46:25,34.58,45.0965
2026-04-02T11:46:30,34.56,45.0967
2026-04-02T11:46:45,34.57,45.0975
2026-04-02T11:47:00,34.47,45.0983
2026-04-02T11:47:05,34.43,45.0985
2026-04-02T11:47:10,34.59,45.0988
2026-04-02T11:47:15,34.46,45.099
2026-04-02T11:47:20,34.54,45.0993
2026-04-02T11:47:25,34.44,45.0996
2026-04-02T11:47:30,34.44,45.0998
2026-04-02T11:47:35,34.52,45.1001
2026-04-02T11:47:40,34.56,45.1003
2026-04-02T11:47:50,34.58,45.1008
2026-04-02T11:48:05,34.54,45.1016
2026-04-02T11:48:10,34.43,45.1019
2026-04-02T11:48:15,34.46,45.1021
2026-04-02T11:48:20,34.52,45.1024
2026-04-02T11:48:30,34.41,45.1029
2026-04-02T11:48:35,34.47,45.1031
2026-04-02T11:48:45,34.59,45.1036
2026-04-02T11:48:50,34.42,45.1039
2026-04-02T11:48:55,34.46,45.1041
2026-04-02T11:49:00,34.5,45.1044
2026-04-02T11:49:05,34.55,45.1047
2026-04-02T11:49:10,34.52,45.1049
2026-04-02T11:49:15,34.42,45.1052
2026-04-02T11:49:20,34.59,45.1054
2026-04-02T11:49:25,34.44,45.1057
2026-04-02T11:49:35,34.52,45.1062
2026-04-02T11:49:40,34.57,45.1064
2026-04-02T11:49:45,34.5,45.1067
2026-04-02T11:49:50,34.59,45.107
2026-04-02T11:49:55,34.42,45.1072
2026-04-02T11:50:00,34.49,45.1075
2026-04-02T11:50:05,34.5,45.1077
2026-04-02T11:50:10,34.51,45.108
2026-04-02T11:50:15,34.41,45.1082
2026-04-02T11:50:20,34.48,45.1085
2026-04-02T11:50:25,34.49,45.1087
2026-04-02T11:50:30,34.53,45.109
2026-04-02T11:50:35,34.49,45.1093
2026-04-02T11:50:40,34.58,45.1095
2026-04-02T11:50:45,34.51,45.1098
2026-04-02T11:50:50,34.56,45.11
2026-04-02T11:50:55,34.58,45.1103
2026-04-02T11:51:05,34.51,45.1108
2026-04-02T11:51:10,34.4,45.111
2026-04-02T11:51:15,34.55,45.1113
2026-04-02T11:51:25,34.45,45.1118
2026-04-02T11:51:30,34.51,45.1121
2026-04-02T11:51:35,34.53,45.1123
2026-04-02T11:51:40,34.56,45.1126
2026-04-02T11:51:45,34.53,45.1128
2026-04-02T11:51:50,34.46,45.1131
2026-04-02T11:51:55,34.51,45.1133
2026-04-02T11:52:00,34.49,45.1136
2026-04-02T11:52:05,34.5,45.1139
2026-04-02T11:52:10,34.44,45.1141
2026-04-02T11:52:15,34.59,45.1144
2026-04-02T11:52:20,34.52,45.1146
2026-04-02T11:52:25,34.59,45.1149
2026-04-02T11:52:30,34.52,45.1151
2026-04-02T11:52:35,34.45,45.1154
2026-04-02T11:52:40,34.51,45.1156
2026-04-02T11:52:45,34.54,45.1159
2026-04-02T11:52:50,34.5,45.1162
2026-04-02T11:52:55,34.59,45.1164
2026-04-02T11:53:00,34.56,45.1167
2026-04-02T11:53:05,34.5,45.1169
2026-04-02T11:53:10,34.54,45.1172
2026-04-02T11:53:15,34.55,45.1174
2026-04-02T11:53:20,34.6,45.1177
2026-04-02T11:53:25,34.53,45.1179
2026-04-02T11:53:30,34.43,45.1182
2026-04-02T11:53:40,34.43,45.1187
2026-04-02T11:53:45,34.53,45.119
2026-04-02T11:53:50,34.57,45.1192
2026-04-02T11:53:55,34.58,45.1195
2026-04-02T11:54:00,34.46,45.1197
2026-04-02T11:54:05,34.54,45.12
2026-04-02T11:54:10,34.45,45.1202
2026-04-02T11:54:15,34.53,45.1205
2026-04-02T11:54:20,34.53,45.1208
2026-04-02T11:54:25,34.5,45.121
2026-04-02T11:54:30,34.47,45.1213
2026-04-02T11:54:35,34.51,45.1215
2026-04-02T11:54:40,34.43,45.1218
2026-04-02T11:54:45,34.47,45.122
2026-04-02T11:54:50,34.59,45.1223
2026-04-02T11:54:55,34.51,45.1225
2026-04-02T11:55:00,34.52,45.1228
2026-04-02T11:55:05,34.55,45.1231
2026-04-02T11:55:10,34.4,45.1233
2026-04-02T11:55:15,34.55,45.1236
2026-04-02T11:55:20,34.47,45.1238
2026-04-02T11:55:25,34.52,45.1241
2026-04-02T11:55:30,34.46,45.1243
2026-04-02T11:55:35,34.56,45.1246
2026-04-02T11:55:40,34.54,45.1248
2026-04-02T11:55:45,34.45,45.1251
2026-04-02T11:55:50,34.43,45.1254
2026-04-02T11:55:55,34.59,45.1256
2026-04-02T11:56:05,34.41,45.1261
2026-04-02T11:56:10,34.53,45.1264
2026-04-02T11:56:15,34.51,45.1266
2026-04-02T11:56:20,34.49,45.1269
2026-04-02T11:56:35,34.59,45.1277
2026-04-02T11:56:40,34.49,45.1279
2026-04-02T11:56:45,34.48,45.1282
2026-04-02T11:56:50,34.51,45.1284
2026-04-02T11:56:55,34.49,45.1287
2026-04-02T11:57:00,34.53,45.1289
2026-04-02T11:57:05,34.48,45.1292
2026-04-02T11:57:10,34.58,45.1294
2026-04-02T11:57:15,34.4,45.1297
2026-04-02T11:57:20,34.5,45.13
2026-04-02T11:57:25,34.51,45.1302
2026-04-02T11:57:30,34.56,45.1305
2026-04-02T11:57:35,34.54,45.1307
2026-04-02T11:57:40,34.52,45.131
2026-04-02T11:57:45,34.42,45.1312
2026-04-02T11:57:50,34.57,45.1315
2026-04-02T11:57:55,34.48,45.1317
2026-04-02T11:58:00,34.49,45.132
2026-04-02T11:58:05,34.58,45.1323
2026-04-02T11:58:10,34.51,45.1325
2026-04-02T11:58:15,34.52,45.1328
2026-04-02T11:58:20,34.49,45.133
2026-04-02T11:58:25,34.52,45.1333
2026-04-02T11:58:30,34.59,45.1335
2026-04-02T11:58:35,34.44,45.1338
2026-04-02T11:58:40,34.55,45.134
2026-04-02T11:58:45,34.53,45.1343
2026-04-02T11:58:50,34.49,45.1346
2026-04-02T11:58:55,34.47,45.1348
2026-04-02T11:59:00,34.52,45.1351
2026-04-02T11:59:05,34.57,45.1353
2026-04-02T11:59:10,34.58,45.1356
2026-04-02T11:59:15,34.59,45.1358
2026-04-02T11:59:25,34.48,45.1364
2026-04-02T11:59:35,34.49,45.1369
2026-04-02T11:59:40,34.47,45.1371
2026-04-02T11:59:45,34.42,45.1374
2026-04-02T11:59:50,34.5,45.1376
2026-04-02T12:00:00,34.57,45.1381
2026-04-02T12:00:05,34.56,45.1384
2026-04-02T12:00:10,34.44,45.1387
2026-04-02T12:00:15,34.59,45.1389
2026-04-02T12:00:20,34.55,45.1392
2026-04-02T12:00:25,34.5,45.1394
2026-04-02T12:00:30,34.5,45.1397
2026-04-02T12:00:35,34.45,45.1399
2026-04-02T12:00:40,34.59,45.1402
2026-04-02T12:00:45,34.55,45.1404
2026-04-02T12:00:50,34.42,45.1407
2026-04-02T12:00:55,34.42,45.141
2026-04-02T12:01:00,34.46,45.1412
2026-04-02T12:01:10,34.41,45.1417
2026-04-02T12:01:15,34.53,45.142
2026-04-02T12:01:20,34.42,45.1422
2026-04-02T12:01:25,34.57,45.1425
2026-04-02T12:01:30,34.47,45.1427
2026-04-02T12:01:35,34.6,45.143
2026-04-02T12:01:40,34.58,45.1433
2026-04-02T12:01:50,34.41,45.1438
2026-04-02T12:01:55,34.59,45.144
2026-04-02T12:02:00,34.59,45.1443
2026-04-02T12:02:05,34.4,45.1445
2026-04-02T12:02:10,34.53,45.1448
2026-04-02T12:02:15,34.46,45.145
2026-04-02T12:02:20,34.44,45.1453
2026-04-02T12:02:30,34.49,45.1458
2026-04-02T12:02:35,34.4,45.1461
2026-04-02T12:02:40,34.49,45.1463
2026-04-02T12:02:45,34.49,45.1466
2026-04-02T12:02:50,34.58,45.1468
2026-04-02T12:02:55,34.45,45.1471
2026-04-02T12:03:00,34.44,45.1474
2026-04-02T12:03:05,34.53,45.1476
2026-04-02T12:03:10,34.44,45.1479
2026-04-02T12:03:15,34.53,45.1481
2026-04-02T12:03:20,34.54,45.1484
2026-04-02T12:03:25,34.58,45.1486
2026-04-02T12:03:30,34.51,45.1489
2026-04-02T12:03:35,34.41,45.1491
2026-04-02T12:03:40,34.44,45.1494
2026-04-02T12:03:50,34.52,45.1499
2026-04-02T12:04:00,34.54,45.1504
2026-04-02T12:04:05,34.52,45.1507
2026-04-02T12:04:10,34.47,45.1509
2026-04-02T12:04:15,34.53,45.1512
2026-04-02T12:04:20,34.48,45.1514
2026-04-02T12:04:25,34.49,45.1517
2026-04-02T12:04:30,34.56,45.152
2026-04-02T12:04:35,34.41,45.1522
2026-04-02T12:04:40,34.58,45.1525
2026-04-02T12:04:50,34.55,45.153
2026-04-02T12:05:00,34.49,45.1535
2026-04-02T12:05:05,34.5,45.1537
2026-04-02T12:05:10,34.45,45.154
2026-04-02T12:05:15,34.49,45.1543
2026-04-02T12:05:20,34.59,45.1545
2026-04-02T12:05:25,34.52,45.1548
2026-04-02T12:05:30,34.58,45.155
2026-04-02T12:05:35,34.53,45.1553
2026-04-02T12:05:40,34.53,45.1555
2026-04-02T12:05:45,34.55,45.1558
2026-04-02T12:05:50,34.43,45.1561
2026-04-02T12:05:55,34.57,45.1563
2026-04-02T12:06:00,34.48,45.1566
2026-04-02T12:06:05,34.5,45.1568
2026-04-02T12:06:10,34.42,45.1571
2026-04-02T12:06:15,34.53,45.1573
2026-04-02T12:06:20,34.42,45.1576
2026-04-02T12:06:25,34.41,45.1578
2026-04-02T12:06:30,34.45,45.1581
2026-04-02T12:06:35,34.43,45.1584
2026-04-02T12:06:40,34.49,45.1586
2026-04-02T12:06:45,34.51,45.1589
2026-04-02T12:06:55,34.52,45.1594
2026-04-02T12:07:00,34.56,45.1596
2026-04-02T12:07:05,34.42,45.1599
2026-04-02T12:07:10,34.47,45.1601
2026-04-02T12:07:15,34.42,45.1604
2026-04-02T12:07:20,34.47,45.1607
2026-04-02T12:07:25,34.5,45.1609
2026-04-02T12:07:30,34.46,45.1612
2026-04-02T12:07:35,34.58,45.1614
2026-04-02T12:07:40,34.51,45.1617
2026-04-02T12:07:45,34.51,45.1619
2026-04-02T12:07:50,34.59,45.1622
2026-04-02T12:07:55,34.41,45.1625
2026-04-02T12:08:00,34.44,45.1627
2026-04-02T12:08:05,34.42,45.163
2026-04-02T12:08:10,34.4,45.1632
2026-04-02T12:08:15,34.55,45.1635
2026-04-02T12:08:20,34.53,45.1637
2026-04-02T12:08:25,34.51,45.164
2026-04-02T12:08:30,34.52,45.1642
2026-04-02T12:08:35,34.53,45.1645
2026-04-02T12:08:40,34.58,45.1648
2026-04-02T12:08:45,34.46,45.165
2026-04-02T12:08:50,34.52,45.1653
2026-04-02T12:08:55,34.51,45.1655
2026-04-02T12:09:00,34.44,45.1658
2026-04-02T12:09:05,34.5,45.166
2026-04-02T12:09:10,34.43,45.1663
2026-04-02T12:09:15,34.57,45.1665
2026-04-02T12:09:20,34.42,45.1668
2026-04-02T12:09:25,34.41,45.1671
2026-04-02T12:09:30,34.53,45.1673
2026-04-02T12:09:35,34.48,45.1676
2026-04-02T12:09:40,34.57,45.1678
2026-04-02T12:09:45,34.43,45.1681
2026-04-02T12:09:50,34.56,45.1683
2026-04-02T12:09:55,34.41,45.1686
2026-04-02T12:10:00,34.53,45.1689
2026-04-02T12:10:10,34.41,45.1694
2026-04-02T12:10:15,34.47,45.1696
2026-04-02T12:10:20,34.54,45.1699
2026-04-02T12:10:25,34.4,45.1701
2026-04-02T12:10:30,34.5,45.1704
2026-04-02T12:10:35,34.41,45.1706
2026-04-02T12:10:40,34.55,45.1709
2026-04-02T12:10:45,34.44,45.1712
2026-04-02T12:10:50,34.49,45.1714
2026-04-02T12:10:55,34.48,45.1717
2026-04-02T12:11:00,34.43,45.1719
2026-04-02T12:11:05,34.56,45.1722
2026-04-02T12:11:10,34.52,45.1724
2026-04-02T12:11:15,34.44,45.1727
2026-04-02T12:11:20,34.55,45.173
2026-04-02T12:11:25,34.59,45.1732
2026-04-02T12:11:30,34.56,45.1735
2026-04-02T12:11:35,34.45,45.1737
2026-04-02T12:11:40,34.56,45.174
2026-04-02T12:11:45,34.6,45.1742
2026-04-02T12:11:50,34.47,45.1745
2026-04-02T12:11:55,34.6,45.1747
2026-04-02T12:12:00,34.57,45.175
2026-04-02T12:12:05,34.45,45.1753
2026-04-02T12:12:10,34.59,45.1755
2026-04-02T12:12:15,34.57,45.1758
2026-04-02T12:12:20,34.59,45.176
2026-04-02T12:12:25,34.45,45.1763
2026-04-02T12:12:30,34.51,45.1765
2026-04-02T12:12:35,34.52,45.1768
2026-04-02T12:12:45,34.55,45.1773
2026-04-02T12:12:50,34.48,45.1776
2026-04-02T12:12:55,34.6,45.1778
2026-04-02T12:13:00,34.45,45.1781
2026-04-02T12:13:05,34.58,45.1783
2026-04-02T12:13:10,34.45,45.1786
2026-04-02T12:13:15,34.55,45.1788
2026-04-02T12:13:20,34.44,45.1791
2026-04-02T12:13:25,34.43,45.1794
2026-04-02T12:13:35,34.56,45.1799
2026-04-02T12:13:40,34.56,45.1801
2026-04-02T12:13:45,34.51,45.1804
2026-04-02T12:13:50,34.54,45.1806
2026-04-02T12:13:55,34.45,45.1809
2026-04-02T12:14:00,34.42,45.1812
2026-04-02T12:14:05,34.49,45.1814
2026-04-02T12:14:10,34.54,45.1817
2026-04-02T12:14:15,34.5,45.1819
2026-04-02T12:14:20,34.58,45.1822
2026-04-02T12:14:25,34.58,45.1824
2026-04-02T12:14:30,34.45,45.1827
2026-04-02T12:14:35,34.45,45.1829
2026-04-02T12:14:40,34.58,45.1832
2026-04-02T12:14:45,34.57,45.1835
2026-04-02T12:14:50,34.5,45.1837
2026-04-02T12:14:55,34.44,45.184
2026-04-02T12:15:00,34.41,45.1842
2026-04-02T12:15:05,34.53,45.1845
2026-04-02T12:15:10,34.57,45.1847
2026-04-02T12:15:15,34.41,45.185
2026-04-02T12:15:25,34.57,45.1855
2026-04-02T12:15:30,34.47,45.1858
2026-04-02T12:15:35,34.51,45.186
2026-04-02T12:15:40,34.59,45.1863
2026-04-02T12:15:45,34.56,45.1865
2026-04-02T12:15:55,34.57,45.187
2026-04-02T12:16:00,34.47,45.1873
2026-04-02T12:16:05,34.46,45.1876
2026-04-02T12:16:10,34.45,45.1878
2026-04-02T12:16:15,34.45,45.1881
2026-04-02T12:16:20,34.57,45.1883
2026-04-02T12:16:25,34.48,45.1886
2026-04-02T12:16:30,34.47,45.1888
2026-04-02T12:16:35,34.45,45.1891
2026-04-02T12:16:40,34.44,45.1894
2026-04-02T12:16:45,34.48,45.1896
2026-04-02T12:16:50,34.44,45.1899
2026-04-02T12:16:55,34.41,45.1901
2026-04-02T12:17:05,34.53,45.1906
2026-04-02T12:17:10,34.57,45.1909
2026-04-02T12:17:15,34.46,45.1911
2026-04-02T12:17:20,34.6,45.1914
2026-04-02T12:17:25,34.49,45.1917
2026-04-02T12:17:30,34.55,45.1919
2026-04-02T12:17:35,34.53,45.1922
2026-04-02T12:17:40,34.55,45.1924
2026-04-02T12:17:45,34.45,45.1927
2026-04-02T12:17:50,34.44,45.1929
2026-04-02T12:17:55,34.5,45.1932
2026-04-02T12:18:00,34.49,45.1935
2026-04-02T12:18:05,34.52,45.1937
2026-04-02T12:18:10,34.59,45.194
2026-04-02T12:18:15,34.57,45.1942
2026-04-02T12:18:20,34.52,45.1945
2026-04-02T12:18:25,34.47,45.1947
2026-04-02T12:18:30,34.57,45.195
2026-04-02T12:18:40,34.51,45.1955
2026-04-02T12:18:45,34.52,45.1958
2026-04-02T12:19:00,34.47,45.1965
2026-04-02T12:19:05,34.51,45.1968
2026-04-02T12:19:11,34.48,45.197
2026-04-02T12:19:16,34.46,45.1973
2026-04-02T12:19:21,34.49,45.1976
2026-04-02T12:19:26,34.51,45.1978
2026-04-02T12:19:36,34.48,45.1983
2026-04-02T12:19:41,34.57,45.1986
2026-04-02T12:19:46,34.57,45.1988
2026-04-02T12:19:51,34.44,45.1991
2026-04-02T12:19:56,34.45,45.1994
2026-04-02T12:20:01,34.42,45.1996
2026-04-02T12:20:06,34.58,45.1999
2026-04-02T12:20:11,34.5,45.2001
2026-04-02T12:20:16,34.49,45.2004
2026-04-02T12:20:26,34.54,45.2009
2026-04-02T12:20:31,34.5,45.2011
2026-04-02T12:20:36,34.45,45.2014
2026-04-02T12:20:46,34.51,45.2019
2026-04-02T12:20:51,34.54,45.2022
2026-04-02T12:20:56,34.56,45.2024
2026-04-02T12:21:01,34.42,45.2027
2026-04-02T12:21:06,34.48,45.2029
2026-04-02T12:21:11,34.4,45.2032
2026-04-02T12:21:16,34.59,45.2035
2026-04-02T12:21:31,34.4,45.2042
2026-04-02T12:21:36,34.55,45.2045
2026-04-02T12:21:41,34.43,45.2047
2026-04-02T12:21:46,34.41,45.205
2026-04-02T12:21:56,34.42,45.2055
2026-04-02T12:22:01,34.58,45.2058
2026-04-02T12:22:06,34.46,45.206
2026-04-02T12:22:11,34.44,45.2063
2026-04-02T12:22:16,34.54,45.2065
2026-04-02T12:22:21,34.44,45.2068
2026-04-02T12:22:26,34.42,45.207
2026-04-02T12:22:31,34.57,45.2073
2026-04-02T12:22:36,34.53,45.2076
2026-04-02T12:22:41,34.54,45.2078
2026-04-02T12:22:46,34.54,45.2081
2026-04-02T12:22:51,34.48,45.2083
2026-04-02T12:23:01,34.43,45.2088
2026-04-02T12:23:06,34.42,45.2091
2026-04-02T12:23:11,34.44,45.2094
2026-04-02T12:23:16,34.52,45.2096
2026-04-02T12:23:21,34.58,45.2099
2026-04-02T12:23:31,34.6,45.2104
2026-04-02T12:23:36,34.41,45.2106
2026-04-02T12:23:41,34.52,45.2109
2026-04-02T12:23:46,34.42,45.2111
2026-04-02T12:23:56,34.54,45.2117
2026-04-02T12:24:01,34.49,45.2119
2026-04-02T12:24:11,34.57,45.2124
2026-04-02T12:24:16,34.57,45.2127
2026-04-02T12:24:21,34.48,45.2129
2026-04-02T12:24:26,34.42,45.2132
2026-04-02T12:24:31,34.52,45.2135
2026-04-02T12:24:36,34.42,45.2137
2026-04-02T12:24:41,34.45,45.214
2026-04-02T12:24:46,34.43,45.2142
2026-04-02T12:24:51,34.41,45.2145
2026-04-02T12:25:01,34.57,45.215
2026-04-02T12:25:06,34.45,45.2153
2026-04-02T12:25:11,34.52,45.2155
2026-04-02T12:25:16,34.41,45.2158
2026-04-02T12:25:21,34.54,45.216
2026-04-02T12:25:26,34.55,45.2163
2026-04-02T12:25:31,34.55,45.2165
2026-04-02T12:25:36,34.53,45.2168
2026-04-02T12:25:41,34.59,45.2171
2026-04-02T12:25:46,34.56,45.2173
2026-04-02T12:25:51,34.51,45.2176
2026-04-02T12:26:01,34.47,45.2181
2026-04-02T12:26:06,34.41,45.2183
2026-04-02T12:26:11,34.49,45.2186
2026-04-02T12:26:16,34.53,45.2188
2026-04-02T12:26:21,34.46,45.2191
2026-04-02T12:26:26,34.54,45.2194
2026-04-02T12:26:31,34.45,45.2196
2026-04-02T12:26:36,34.45,45.2199
2026-04-02T12:26:41,34.55,45.2201
2026-04-02T12:26:46,34.59,45.2204
2026-04-02T12:26:51,34.41,45.2206
2026-04-02T12:26:56,34.41,45.2209
2026-04-02T12:27:01,34.42,45.2212
2026-04-02T12:27:06,34.44,45.2214
2026-04-02T12:27:11,34.56,45.2217
2026-04-02T12:27:16,34.41,45.2219
2026-04-02T12:27:26,34.51,45.2224
2026-04-02T12:27:31,34.41,45.2227
2026-04-02T12:27:36,34.52,45.223
2026-04-02T12:27:41,34.42,45.2232
2026-04-02T12:27:46,34.46,45.2235
2026-04-02T12:27:51,34.41,45.2237
2026-04-02T12:27:56,34.48,45.224
2026-04-02T12:28:01,34.4,45.2242
2026-04-02T12:28:06,34.52,45.2245
2026-04-02T12:28:11,34.53,45.2247
2026-04-02T12:28:16,34.46,45.225
2026-04-02T12:28:21,34.57,45.2253
2026-04-02T12:28:26,34.58,45.2255
2026-04-02T12:28:31,34.5,45.2258
2026-04-02T12:28:36,34.57,45.226
2026-04-02T12:28:41,34.43,45.2263
2026-04-02T12:28:46,34.59,45.2265
2026-04-02T12:28:51,34.43,45.2268
2026-04-02T12:29:01,34.46,45.2273
2026-04-02T12:29:06,34.53,45.2276
2026-04-02T12:29:11,34.49,45.2278
2026-04-02T12:29:21,34.53,45.2283
2026-04-02T12:29:26,34.54,45.2286
2026-04-02T12:29:31,34.51,45.2289
2026-04-02T12:29:36,34.48,45.2291
2026-04-02T12:29:41,34.47,45.2294
2026-04-02T12:29:46,34.43,45.2296
2026-04-02T12:30:01,34.54,45.2304
2026-04-02T12:30:06,34.42,45.2307
2026-04-02T12:30:11,34.5,45.2309
2026-04-02T12:30:16,34.53,45.2312
2026-04-02T12:30:21,34.49,45.2314
2026-04-02T12:30:26,34.47,45.2317
2026-04-02T12:30:31,34.47,45.2319
2026-04-02T12:30:36,34.59,45.2322
2026-04-02T12:30:41,34.58,45.2325
2026-04-02T12:30:46,34.58,45.2327
2026-04-02T12:30:51,34.46,45.233
2026-04-02T12:30:56,34.42,45.2332
2026-04-02T12:31:01,34.49,45.2335
2026-04-02T12:31:06,34.54,45.2337
2026-04-02T12:31:11,34.59,45.234
2026-04-02T12:31:16,34.53,45.2342
2026-04-02T12:31:21,34.42,45.2345
2026-04-02T12:31:26,34.52,45.2348
2026-04-02T12:31:31,34.42,45.235
2026-04-02T12:31:36,34.52,45.2353
2026-04-02T12:31:41,34.58,45.2355
2026-04-02T12:31:46,34.53,45.2358
2026-04-02T12:31:51,34.49,45.236
2026-04-02T12:31:56,34.52,45.2363
2026-04-02T12:32:01,34.44,45.2366
2026-04-02T12:32:06,34.57,45.2368
2026-04-02T12:32:11,34.55,45.2371
2026-04-02T12:32:16,34.43,45.2373
2026-04-02T12:32:21,34.54,45.2376
2026-04-02T12:32:31,34.43,45.2381
2026-04-02T12:32:36,34.55,45.2384
2026-04-02T12:32:41,34.56,45.2386
2026-04-02T12:32:46,34.49,45.2389
2026-04-02T12:32:51,34.58,45.2391
2026-04-02T12:32:56,34.5,45.2394
2026-04-02T12:33:01,34.48,45.2396
2026-04-02T12:33:06,34.58,45.2399
2026-04-02T12:33:16,34.56,45.2404
2026-04-02T12:33:21,34.41,45.2407
2026-04-02T12:33:26,34.41,45.2409
2026-04-02T12:33:31,34.44,45.2412
2026-04-02T12:33:36,34.48,45.2414
2026-04-02T12:33:41,34.49,45.2417
2026-04-02T12:33:46,34.59,45.242
2026-04-02T12:33:51,34.5,45.2422
2026-04-02T12:33:56,34.46,45.2425
2026-04-02T12:34:01,34.53,45.2427
2026-04-02T12:34:06,34.48,45.243
2026-04-02T12:34:16,34.46,45.2435
2026-04-02T12:34:21,34.45,45.2438
2026-04-02T12:34:26,34.58,45.244
2026-04-02T12:34:31,34.43,45.2443
2026-04-02T12:34:36,34.49,45.2445
2026-04-02T12:34:41,34.57,45.2448
2026-04-02T12:34:46,34.57,45.245
2026-04-02T12:34:51,34.56,45.2453
2026-04-02T12:34:56,34.41,45.2455
2026-04-02T12:35:01,34.57,45.2458
2026-04-02T12:35:06,34.46,45.2461
2026-04-02T12:35:11,34.6,45.2463
2026-04-02T12:35:21,34.43,45.2468
2026-04-02T12:35:26,34.58,45.2471
2026-04-02T12:35:31,34.59,45.2473
2026-04-02T12:35:36,34.47,45.2476
2026-04-02T12:35:41,34.6,45.2479
2026-04-02T12:35:46,34.43,45.2481
2026-04-02T12:35:51,34.47,45.2484
2026-04-02T12:35:56,34.56,45.2486
2026-04-02T12:36:01,34.41,45.2489
2026-04-02T12:36:06,34.59,45.2491
2026-04-02T12:36:11,34.53,45.2494
2026-04-02T12:36:16,34.43,45.2497
2026-04-02T12:36:21,34.46,45.2499
2026-04-02T12:36:26,34.58,45.2502
2026-04-02T12:36:31,34.46,45.2504
2026-04-02T12:36:36,34.54,45.2507
2026-04-02T12:36:41,34.52,45.2509
2026-04-02T12:36:46,34.53,45.2512
2026-04-02T12:36:51,34.59,45.2515
2026-04-02T12:36:56,34.6,45.2517
2026-04-02T12:37:01,34.54,45.252
2026-04-02T12:37:11,34.54,45.2525
2026-04-02T12:37:21,34.57,45.253
2026-04-02T12:37:26,34.47,45.2533
2026-04-02T12:37:31,34.48,45.2535
2026-04-02T12:37:41,34.58,45.254
2026-04-02T12:37:46,34.58,45.2543
2026-04-02T12:37:51,34.59,45.2545
2026-04-02T12:37:56,34.57,45.2548
2026-04-02T12:38:01,34.43,45.2551
2026-04-02T12:38:06,34.48,45.2553
2026-04-02T12:38:11,34.49,45.2556
2026-04-02T12:38:16,34.6,45.2558
2026-04-02T12:38:21,34.47,45.2561
2026-04-02T12:38:26,34.56,45.2563
2026-04-02T12:38:31,34.58,45.2566
2026-04-02T12:38:41,34.52,45.2571
2026-04-02T12:38:46,34.55,45.2574
2026-04-02T12:38:51,34.45,45.2576
2026-04-02T12:38:56,34.52,45.2579
2026-04-02T12:39:01,34.47,45.2581
2026-04-02T12:39:06,34.47,45.2584
2026-04-02T12:39:11,34.46,45.2587
2026-04-02T12:39:16,34.49,45.2589
2026-04-02T12:39:26,34.59,45.2594
2026-04-02T12:39:31,34.57,45.2597
2026-04-02T12:39:36,34.41,45.2599
2026-04-02T12:39:41,34.52,45.2602
2026-04-02T12:39:46,34.53,45.2605
2026-04-02T12:39:51,34.6,45.2607
2026-04-02T12:40:01,34.43,45.2612
2026-04-02T12:40:06,34.45,45.2615
2026-04-02T12:40:11,34.52,45.2617
2026-04-02T12:40:21,34.55,45.2623
2026-04-02T12:40:26,34.57,45.2625
2026-04-02T12:40:31,34.58,45.2628
2026-04-02T12:40:36,34.43,45.263
2026-04-02T12:40:41,34.44,45.2633
2026-04-02T12:40:46,34.44,45.2635
2026-04-02T12:40:51,34.58,45.2638
2026-04-02T12:40:56,34.57,45.264
2026-04-02T12:41:01,34.46,45.2643
2026-04-02T12:41:06,34.49,45.2646
2026-04-02T12:41:11,34.56,45.2648
2026-04-02T12:41:16,34.48,45.2651
2026-04-02T12:41:21,34.49,45.2653
2026-04-02T12:41:26,34.58,45.2656
2026-04-02T12:41:31,34.4,45.2658
2026-04-02T12:41:36,34.48,45.2661
2026-04-02T12:41:41,34.45,45.2664
2026-04-02T12:41:51,34.52,45.2669
2026-04-02T12:41:56,34.53,45.2671
2026-04-02T12:42:01,34.46,45.2674
2026-04-02T12:42:06,34.41,45.2676
2026-04-02T12:42:11,34.44,45.2679
2026-04-02T12:42:16,34.57,45.2682
2026-04-02T12:42:21,34.42,45.2684
2026-04-02T12:42:26,34.53,45.2687
2026-04-02T12:42:31,34.56,45.2689
2026-04-02T12:42:36,34.57,45.2692
2026-04-02T12:42:41,34.45,45.2694
2026-04-02T12:42:46,34.52,45.2697
2026-04-02T12:42:51,34.4,45.27
2026-04-02T12:42:56,34.43,45.2702
2026-04-02T12:43:01,34.6,45.2705
2026-04-02T12:43:06,34.41,45.2707
2026-04-02T12:43:11,34.5,45.271
2026-04-02T12:43:21,34.54,45.2715
2026-04-02T12:43:26,34.55,45.2718
2026-04-02T12:43:31,34.41,45.272
2026-04-02T12:43:36,34.44,45.2723
2026-04-02T12:43:41,34.42,45.2725
2026-04-02T12:43:46,34.53,45.2728
2026-04-02T12:43:51,34.57,45.273
2026-04-02T12:43:56,34.5,45.2733
2026-04-02T12:44:01,34.47,45.2736
2026-04-02T12:44:06,34.54,45.2738
2026-04-02T12:44:11,34.49,45.2741
2026-04-02T12:44:16,34.51,45.2743
2026-04-02T12:44:21,34.49,45.2746
2026-04-02T12:44:31,34.57,45.2751
2026-04-02T12:44:36,34.45,45.2754
2026-04-02T12:44:41,34.41,45.2756
2026-04-02T12:44:46,34.57,45.2759
2026-04-02T12:44:51,34.43,45.2761
2026-04-02T12:44:56,34.55,45.2764
2026-04-02T12:45:01,34.46,45.2766
2026-04-02T12:45:06,34.58,45.2769
2026-04-02T12:45:11,34.54,45.2772
2026-04-02T12:45:16,34.44,45.2774
2026-04-02T12:45:21,34.45,45.2777
2026-04-02T12:45:26,34.43,45.2779
2026-04-02T12:45:31,34.43,45.2782
2026-04-02T12:45:36,34.47,45.2784
2026-04-02T12:45:41,34.45,45.2787
2026-04-02T12:45:46,34.46,45.279
2026-04-02T12:45:51,34.51,45.2792
2026-04-02T12:45:56,34.44,45.2795
2026-04-02T12:46:01,34.53,45.2797
2026-04-02T12:46:06,34.56,45.28
2026-04-02T12:46:11,34.48,45.2802
2026-04-02T12:46:16,34.45,45.2805
2026-04-02T12:46:21,34.5,45.2808
2026-04-02T12:46:26,34.58,45.281
2026-04-02T12:46:31,34.55,45.2813
2026-04-02T12:46:36,34.42,45.2815
2026-04-02T12:46:46,34.55,45.282
2026-04-02T12:46:51,34.58,45.2823
2026-04-02T12:46:56,34.53,45.2826
2026-04-02T12:47:01,34.43,45.2828
2026-04-02T12:47:06,34.58,45.2831
2026-04-02T12:47:11,34.59,45.2833
2026-04-02T12:47:16,34.55,45.2836
2026-04-02T12:47:21,34.5,45.2838
2026-04-02T12:47:26,34.41,45.2841
2026-04-02T12:47:31,34.46,45.2844
2026-04-02T12:47:36,34.57,45.2846
2026-04-02T12:47:41,34.52,45.2849
2026-04-02T12:47:46,34.47,45.2851
2026-04-02T12:47:51,34.49,45.2854
2026-04-02T12:47:56,34.55,45.2856
2026-04-02T12:48:01,34.42,45.2859
2026-04-02T12:48:06,34.51,45.2862
2026-04-02T12:48:11,34.55,45.2864
2026-04-02T12:48:16,34.54,45.2867
2026-04-02T12:48:21,34.49,45.2869
2026-04-02T12:48:26,34.52,45.2872
2026-04-02T12:48:31,34.4,45.2875
2026-04-02T12:48:36,34.56,45.2877
2026-04-02T12:48:41,34.49,45.288
2026-04-02T12:48:46,34.53,45.2882
2026-04-02T12:48:51,34.59,45.2885
2026-04-02T12:48:56,34.56,45.2887
2026-04-02T12:49:01,34.56,45.289
2026-04-02T12:49:06,34.58,45.2893
2026-04-02T12:49:11,34.45,45.2895
2026-04-02T12:49:16,34.5,45.2898
2026-04-02T12:49:21,34.59,45.29
2026-04-02T12:49:26,34.51,45.2903
2026-04-02T12:49:31,34.59,45.2905
2026-04-02T12:49:36,34.51,45.2908
2026-04-02T12:49:41,34.52,45.2911
2026-04-02T12:49:51,34.51,45.2916
2026-04-02T12:49:56,34.58,45.2918
2026-04-02T12:50:01,34.42,45.2921
2026-04-02T12:50:06,34.58,45.2923
2026-04-02T12:50:11,34.57,45.2926
2026-04-02T12:50:16,34.51,45.2929
2026-04-02T12:50:21,34.6,45.2931
2026-04-02T12:50:26,34.56,45.2934
2026-04-02T12:50:31,34.47,45.2936
2026-04-02T12:50:36,34.47,45.2939
2026-04-02T12:50:41,34.53,45.2941
2026-04-02T12:50:51,34.46,45.2947
2026-04-02T12:50:56,34.43,45.2949
2026-04-02T12:51:01,34.47,45.2952
2026-04-02T12:51:06,34.59,45.2954
2026-04-02T12:51:11,34.45,45.2957
2026-04-02T12:51:16,34.46,45.2959
2026-04-02T12:51:21,34.48,45.2962
2026-04-02T12:51:26,34.59,45.2965
2026-04-02T12:51:31,34.43,45.2967
2026-04-02T12:51:41,34.41,45.2972
2026-04-02T12:51:51,34.56,45.2977
2026-04-02T12:51:56,34.5,45.298
2026-04-02T12:52:06,34.47,45.2985
2026-04-02T12:52:11,34.53,45.2988
2026-04-02T12:52:16,34.57,45.299
2026-04-02T12:52:21,34.45,45.2993
2026-04-02T12:52:26,34.44,45.2995
2026-04-02T12:52:31,34.48,45.2998
2026-04-02T12:52:36,34.45,45.3001
2026-04-02T12:52:41,34.56,45.3003
2026-04-02T12:52:46,34.47,45.3006
2026-04-02T12:52:51,34.53,45.3008
2026-04-02T12:52:56,34.6,45.3011
2026-04-02T12:53:06,34.55,45.3016
2026-04-02T12:53:11,34.4,45.3019
2026-04-02T12:53:16,34.58,45.3021
2026-04-02T12:53:21,34.58,45.3024
2026-04-02T12:53:31,34.6,45.3029
2026-04-02T12:53:36,34.47,45.3031
2026-04-02T12:53:41,34.54,45.3034
2026-04-02T12:53:51,34.45,45.3039
2026-04-02T12:53:56,34.44,45.3042
2026-04-02T12:54:01,34.49,45.3044
2026-04-02T12:54:06,34.46,45.3047
2026-04-02T12:54:11,34.47,45.3049
2026-04-02T12:54:16,34.46,45.3052
2026-04-02T12:54:21,34.45,45.3055
2026-04-02T12:54:26,34.54,45.3057
2026-04-02T12:54:31,34.43,45.306
2026-04-02T12:54:36,34.49,45.3062
2026-04-02T12:54:41,34.49,45.3065
2026-04-02T12:54:46,34.51,45.3068
2026-04-02T12:54:51,34.49,45.307
2026-04-02T12:54:56,34.41,45.3073
2026-04-02T12:55:01,34.42,45.3075
2026-04-02T12:55:06,34.55,45.3078
2026-04-02T12:55:11,34.51,45.308
2026-04-02T12:55:16,34.5,45.3083
2026-04-02T12:55:26,34.46,45.3088
2026-04-02T12:55:31,34.51,45.3091
2026-04-02T12:55:36,34.42,45.3093
2026-04-02T12:55:41,34.53,45.3096
2026-04-02T12:55:46,34.54,45.3098
2026-04-02T12:55:56,34.59,45.3104
2026-04-02T12:56:01,34.42,45.3106
2026-04-02T12:56:06,34.46,45.3109
2026-04-02T12:56:11,34.42,45.3111
2026-04-02T12:56:16,34.53,45.3114
2026-04-02T12:56:21,34.41,45.3116
2026-04-02T12:56:26,34.44,45.3119
2026-04-02T12:56:31,34.52,45.3122
2026-04-02T12:56:46,34.46,45.3129
2026-04-02T12:56:51,34.5,45.3132
2026-04-02T12:57:01,34.46,45.3137
2026-04-02T12:57:06,34.56,45.314
2026-04-02T12:57:11,34.43,45.3142
2026-04-02T12:57:21,34.51,45.3147
2026-04-02T12:57:26,34.58,45.315
2026-04-02T12:57:31,34.45,45.3152
2026-04-02T12:57:36,34.53,45.3155
2026-04-02T12:57:41,34.4,45.3158
2026-04-02T12:57:46,34.42,45.316
2026-04-02T12:57:51,34.47,45.3163
2026-04-02T12:57:56,34.6,45.3165
2026-04-02T12:58:01,34.56,45.3168
2026-04-02T12:58:06,34.6,45.317
2026-04-02T12:58:11,34.47,45.3173
2026-04-02T12:58:16,34.49,45.3176
2026-04-02T12:58:21,34.5,45.3178
2026-04-02T12:58:26,34.43,45.3181
2026-04-02T12:58:31,34.49,45.3183
2026-04-02T12:58:36,34.45,45.3186
2026-04-02T12:58:41,34.41,45.3189
2026-04-02T12:58:46,34.59,45.3191
2026-04-02T12:58:51,34.43,45.3194
2026-04-02T12:58:56,34.45,45.3196
2026-04-02T12:59:01,34.48,45.3199
2026-04-02T12:59:06,34.58,45.3201
2026-04-02T12:59:11,34.44,45.3204
2026-04-02T12:59:16,34.45,45.3207
2026-04-02T12:59:21,34.43,45.3209
2026-04-02T12:59:26,34.51,45.3212
2026-04-02T12:59:31,34.49,45.3214
2026-04-02T12:59:36,34.47,45.3217
2026-04-02T12:59:46,34.44,45.3222
2026-04-02T12:59:51,34.59,45.3225
2026-04-02T13:00:01,34.43,45.323
2026-04-02T13:00:06,34.52,45.3232
2026-04-02T13:00:11,34.45,45.3235
2026-04-02T13:00:16,34.56,45.3237
2026-04-02T13:00:21,34.46,45.324
2026-04-02T13:00:26,34.52,45.3243
2026-04-02T13:00:31,34.55,45.3245
2026-04-02T13:00:36,34.41,45.3248
2026-04-02T13:00:41,34.46,45.325
2026-04-02T13:00:46,34.51,45.3253
2026-04-02T13:00:51,34.48,45.3255
2026-04-02T13:00:56,34.53,45.3258
2026-04-02T13:01:01,34.59,45.3261
2026-04-02T13:01:06,34.41,45.3263
2026-04-02T13:01:16,34.53,45.3268
2026-04-02T13:01:21,34.44,45.3271
2026-04-02T13:01:26,34.58,45.3273
2026-04-02T13:01:31,34.53,45.3276
2026-04-02T13:01:36,34.51,45.3279
2026-04-02T13:01:41,34.43,45.3281
2026-04-02T13:01:46,34.46,45.3284
2026-04-02T13:01:51,34.59,45.3286
2026-04-02T13:01:56,34.48,45.3289
2026-04-02T13:02:01,34.52,45.3292
2026-04-02T13:02:06,34.45,45.3294
2026-04-02T13:02:11,34.52,45.3297
2026-04-02T13:02:16,34.46,45.3299
2026-04-02T13:02:21,34.57,45.3302
2026-04-02T13:02:26,34.45,45.3304
2026-04-02T13:02:31,34.51,45.3307
2026-04-02T13:02:36,34.55,45.331
2026-04-02T13:02:41,34.46,45.3312
2026-04-02T13:02:46,34.42,45.3315
2026-04-02T13:02:51,34.51,45.3317
2026-04-02T13:02:56,34.48,45.332
2026-04-02T13:03:01,34.52,45.3322
2026-04-02T13:03:06,34.49,45.3325
2026-04-02T13:03:11,34.42,45.3328
2026-04-02T13:03:16,34.58,45.333
2026-04-02T13:03:21,34.42,45.3333
2026-04-02T13:03:26,34.58,45.3335
2026-04-02T13:03:31,34.45,45.3338
2026-04-02T13:03:36,34.52,45.334
2026-04-02T13:03:41,34.51,45.3343
2026-04-02T13:03:46,34.57,45.3346
2026-04-02T13:03:51,34.54,45.3348
2026-04-02T13:03:56,34.55,45.3351
2026-04-02T13:04:01,34.4,45.3353
2026-04-02T13:04:06,34.45,45.3356
2026-04-02T13:04:11,34.49,45.3359
2026-04-02T13:04:16,34.57,45.3361
2026-04-02T13:04:21,34.55,45.3364
2026-04-02T13:04:26,34.41,45.3366
2026-04-02T13:04:31,34.43,45.3369
2026-04-02T13:04:36,34.51,45.3371
2026-04-02T13:04:41,34.46,45.3374
2026-04-02T13:04:46,34.48,45.3377
2026-04-02T13:04:51,34.52,45.3379
2026-04-02T13:04:56,34.41,45.3382
2026-04-02T13:05:01,34.51,45.3384
2026-04-02T13:05:06,34.47,45.3387
2026-04-02T13:05:11,34.42,45.3389
2026-04-02T13:05:16,34.56,45.3392
2026-04-02T13:05:21,34.55,45.3395
2026-04-02T13:05:26,34.41,45.3397
2026-04-02T13:05:31,34.53,45.34
2026-04-02T13:05:36,34.4,45.3402
2026-04-02T13:05:41,34.5,45.3405
2026-04-02T13:05:46,34.59,45.3407
2026-04-02T13:05:56,34.52,45.3413
2026-04-02T13:06:01,34.56,45.3415
2026-04-02T13:06:06,34.57,45.3418
2026-04-02T13:06:16,34.54,45.3423
2026-04-02T13:06:21,34.5,45.3426
2026-04-02T13:06:26,34.54,45.3428
2026-04-02T13:06:31,34.6,45.3431
2026-04-02T13:06:36,34.52,45.3433
2026-04-02T13:06:41,34.47,45.3436
2026-04-02T13:06:46,34.48,45.3438
2026-04-02T13:06:51,34.56,45.3441
2026-04-02T13:06:56,34.59,45.3444
2026-04-02T13:07:01,34.42,45.3446
2026-04-02T13:07:06,34.44,45.3449
2026-04-02T13:07:11,34.59,45.3451
2026-04-02T13:07:16,34.58,45.3454
2026-04-02T13:07:26,34.43,45.3459
2026-04-02T13:07:36,34.57,45.3464
2026-04-02T13:07:41,34.59,45.3467
2026-04-02T13:07:46,34.42,45.3469
2026-04-02T13:07:51,34.5,45.3472
2026-04-02T13:07:56,34.45,45.3474
2026-04-02T13:08:06,34.6,45.348
2026-04-02T13:08:11,34.46,45.3482
2026-04-02T13:08:16,34.45,45.3485
2026-04-02T13:08:21,34.46,45.3487
2026-04-02T13:08:26,34.55,45.349
2026-04-02T13:08:31,34.59,45.3493
2026-04-02T13:08:36,34.53,45.3495
2026-04-02T13:08:41,34.55,45.3498
2026-04-02T13:08:46,34.42,45.35
2026-04-02T13:08:51,34.5,45.3503
2026-04-02T13:08:56,34.58,45.3505
2026-04-02T13:09:01,34.46,45.3508
2026-04-02T13:09:06,34.48,45.3511
2026-04-02T13:09:11,34.54,45.3513
2026-04-02T13:09:16,34.55,45.3516
2026-04-02T13:09:21,34.53,45.3518
2026-04-02T13:09:26,34.48,45.3521
2026-04-02T13:09:31,34.47,45.3523
2026-04-02T13:09:36,34.47,45.3526
2026-04-02T13:09:41,34.57,45.3529
2026-04-02T13:09:46,34.59,45.3531
2026-04-02T13:09:51,34.57,45.3534
2026-04-02T13:09:56,34.4,45.3536
2026-04-02T13:10:01,34.45,45.3539
2026-04-02T13:10:06,34.51,45.3541
2026-04-02T13:10:11,34.5,45.3544
2026-04-02T13:10:16,34.43,45.3547
2026-04-02T13:10:21,34.49,45.3549
2026-04-02T13:10:26,34.4,45.3552
2026-04-02T13:10:36,34.53,45.3557
2026-04-02T13:10:46,34.53,45.3562
2026-04-02T13:10:51,34.47,45.3565
2026-04-02T13:10:56,34.6,45.3567
2026-04-02T13:11:01,34.5,45.357
2026-04-02T13:11:06,34.43,45.3572
2026-04-02T13:11:11,34.48,45.3575
2026-04-02T13:11:16,34.52,45.3578
2026-04-02T13:11:21,34.51,45.358
2026-04-02T13:11:26,34.53,45.3583
2026-04-02T13:11:31,34.49,45.3585
2026-04-02T13:11:36,34.4,45.3588
2026-04-02T13:11:41,34.43,45.359
2026-04-02T13:11:46,34.48,45.3593
2026-04-02T13:11:51,34.44,45.3596
2026-04-02T13:11:56,34.45,45.3598
2026-04-02T13:12:01,34.47,45.3601
2026-04-02T13:12:06,34.48,45.3603
2026-04-02T13:12:11,34.54,45.3606
2026-04-02T13:12:16,34.54,45.3609
2026-04-02T13:12:21,34.47,45.3611
2026-04-02T13:12:26,34.41,45.3614
2026-04-02T13:12:31,34.58,45.3616
2026-04-02T13:12:36,34.57,45.3619
2026-04-02T13:12:41,34.42,45.3621
2026-04-02T13:12:46,34.42,45.3624
2026-04-02T13:12:51,34.51,45.3627
2026-04-02T13:12:56,34.54,45.3629
2026-04-02T13:13:01,34.51,45.3632
2026-04-02T13:13:06,34.6,45.3634
2026-04-02T13:13:11,34.56,45.3637
2026-04-02T13:13:16,34.58,45.3639
2026-04-02T13:13:21,34.42,45.3642
2026-04-02T13:13:26,34.42,45.3645
2026-04-02T13:13:31,34.44,45.3647
2026-04-02T13:13:36,34.42,45.365
2026-04-02T13:13:41,34.57,45.3652
2026-04-02T13:13:46,34.43,45.3655
2026-04-02T13:13:51,34.54,45.3657
2026-04-02T13:13:56,34.41,45.366
2026-04-02T13:14:01,34.48,45.3663
2026-04-02T13:14:06,34.59,45.3665
2026-04-02T13:14:11,34.56,45.3668
2026-04-02T13:14:16,34.42,45.367
2026-04-02T13:14:21,34.58,45.3673
2026-04-02T13:14:26,34.44,45.3676
2026-04-02T13:14:31,34.47,45.3678
2026-04-02T13:14:36,34.47,45.3681
2026-04-02T13:14:41,34.58,45.3683
2026-04-02T13:14:46,34.49,45.3686
2026-04-02T13:14:51,34.55,45.3688
2026-04-02T13:14:56,34.54,45.3691
2026-04-02T13:15:01,34.44,45.3694
2026-04-02T13:15:06,34.43,45.3696
2026-04-02T13:15:11,34.47,45.3699
2026-04-02T13:15:16,34.43,45.3701
2026-04-02T13:15:21,34.52,45.3704
2026-04-02T13:15:26,34.57,45.3706
2026-04-02T13:15:31,34.51,45.3709
2026-04-02T13:15:36,34.45,45.3712
2026-04-02T13:15:41,34.45,45.3714
2026-04-02T13:15:46,34.41,45.3717
2026-04-02T13:15:51,34.48,45.3719
2026-04-02T13:15:56,34.54,45.3722
2026-04-02T13:16:01,34.5,45.3725
2026-04-02T13:16:06,34.5,45.3727
2026-04-02T13:16:11,34.55,45.373
2026-04-02T13:16:16,34.43,45.3732
2026-04-02T13:16:21,34.47,45.3735
2026-04-02T13:16:26,34.56,45.3737
2026-04-02T13:16:31,34.5,45.374
2026-04-02T13:16:36,34.51,45.3743
2026-04-02T13:16:41,34.44,45.3745
2026-04-02T13:16:46,34.52,45.3748
2026-04-02T13:16:51,34.46,45.375
2026-04-02T13:16:56,34.52,45.3753
2026-04-02T13:17:01,34.5,45.3755
2026-04-02T13:17:06,34.57,45.3758
2026-04-02T13:17:16,34.48,45.3763
2026-04-02T13:17:21,34.47,45.3766
2026-04-02T13:17:26,34.43,45.3768
2026-04-02T13:17:31,34.53,45.3771
2026-04-02T13:17:36,34.55,45.3774
2026-04-02T13:17:41,34.47,45.3776
2026-04-02T13:17:46,34.58,45.3779
2026-04-02T13:17:56,34.48,45.3784
2026-04-02T13:18:01,34.48,45.3786
2026-04-02T13:18:06,34.59,45.3789
2026-04-02T13:18:11,34.46,45.3792
2026-04-02T13:18:16,34.5,45.3794
2026-04-02T13:18:21,34.55,45.3797
2026-04-02T13:18:26,34.57,45.3799
2026-04-02T13:18:31,34.43,45.3802
2026-04-02T13:18:36,34.43,45.3805
2026-04-02T13:18:41,34.55,45.3807
2026-04-02T13:18:46,34.59,45.381
2026-04-02T13:18:51,34.6,45.3812
2026-04-02T13:18:56,34.59,45.3815
2026-04-02T13:19:01,34.43,45.3817
2026-04-02T13:19:06,34.46,45.382
2026-04-02T13:19:11,34.45,45.3823
2026-04-02T13:19:21,34.51,45.3828
2026-04-02T13:19:26,34.51,45.383
2026-04-02T13:19:31,34.44,45.3833
2026-04-02T13:19:36,34.41,45.3835
2026-04-02T13:19:41,34.49,45.3838
2026-04-02T13:19:46,34.6,45.3841
2026-04-02T13:19:51,34.49,45.3843
2026-04-02T13:19:56,34.54,45.3846
2026-04-02T13:20:01,34.51,45.3848
2026-04-02T13:20:06,34.59,45.3851
2026-04-02T13:20:16,34.58,45.3856
2026-04-02T13:20:21,34.43,45.3859
2026-04-02T13:20:26,34.54,45.3861
2026-04-02T13:20:31,34.59,45.3864
2026-04-02T13:20:36,34.54,45.3866
2026-04-02T13:20:41,34.54,45.3869
2026-04-02T13:20:46,34.5,45.3872
2026-04-02T13:20:51,34.47,45.3874
2026-04-02T13:20:56,34.59,45.3877
2026-04-02T13:21:01,34.59,45.3879
2026-04-02T13:21:06,34.58,45.3882
2026-04-02T13:21:11,34.48,45.3884
2026-04-02T13:21:16,34.44,45.3887
2026-04-02T13:21:26,34.57,45.3892
2026-04-02T13:21:31,34.54,45.3895
2026-04-02T13:21:36,34.6,45.3897
2026-04-02T13:21:41,34.41,45.39
2026-04-02T13:21:46,34.41,45.3903
2026-04-02T13:21:51,34.43,45.3905
2026-04-02T13:21:56,34.52,45.3908
2026-04-02T13:22:01,34.56,45.391
2026-04-02T13:22:06,34.57,45.3913
2026-04-02T13:22:11,34.4,45.3915
2026-04-02T13:22:16,34.59,45.3918
2026-04-02T13:22:21,34.5,45.3921
2026-04-02T13:22:26,34.56,45.3923
2026-04-02T13:22:31,34.56,45.3926
2026-04-02T13:22:36,34.6,45.3928
2026-04-02T13:22:41,34.46,45.3931
2026-04-02T13:22:46,34.53,45.3934
2026-04-02T13:22:51,34.42,45.3936
2026-04-02T13:23:01,34.55,45.3941
2026-04-02T13:23:06,34.46,45.3944
2026-04-02T13:23:16,34.5,45.3949
2026-04-02T13:23:21,34.49,45.3952
2026-04-02T13:23:26,34.51,45.3954
2026-04-02T13:23:31,34.51,45.3957
2026-04-02T13:23:36,34.54,45.3959
2026-04-02T13:23:41,34.55,45.3962
2026-04-02T13:23:46,34.47,45.3964
2026-04-02T13:23:51,34.49,45.3967
2026-04-02T13:23:56,34.5,45.397
2026-04-02T13:24:01,34.51,45.3972
2026-04-02T13:24:06,34.59,45.3975
2026-04-02T13:24:11,34.45,45.3977
2026-04-02T13:24:16,34.48,45.398
2026-04-02T13:24:21,34.58,45.3983
2026-04-02T13:24:26,34.56,45.3985
2026-04-02T13:24:31,34.44,45.3988
2026-04-02T13:24:36,34.41,45.399
2026-04-02T13:24:41,34.55,45.3993
2026-04-02T13:24:46,34.44,45.3995
2026-04-02T13:24:51,34.45,45.3998
2026-04-02T13:24:56,34.48,45.4001
2026-04-02T13:25:01,34.46,45.4003
2026-04-02T13:25:06,34.43,45.4006
2026-04-02T13:25:11,34.46,45.4008
2026-04-02T13:25:16,34.52,45.4011
2026-04-02T13:25:21,34.48,45.4014
2026-04-02T13:25:26,34.6,45.4016
2026-04-02T13:25:31,34.59,45.4019
2026-04-02T13:25:36,34.41,45.4021
2026-04-02T13:25:41,34.49,45.4024
2026-04-02T13:25:46,34.43,45.4026
2026-04-02T13:25:51,34.54,45.4029
2026-04-02T13:25:56,34.44,45.4032
2026-04-02T13:26:01,34.57,45.4034
2026-04-02T13:26:06,34.46,45.4037
2026-04-02T13:26:11,34.41,45.4039
2026-04-02T13:26:16,34.4,45.4042
2026-04-02T13:26:21,34.45,45.4044
2026-04-02T13:26:26,34.49,45.4047
2026-04-02T13:26:31,34.51,45.405
2026-04-02T13:26:36,34.52,45.4052
2026-04-02T13:26:46,34.6,45.4057
2026-04-02T13:26:51,34.45,45.406
2026-04-02T13:26:56,34.48,45.4063
2026-04-02T13:27:01,34.48,45.4065
2026-04-02T13:27:06,34.43,45.4068
2026-04-02T13:27:11,34.6,45.407
2026-04-02T13:27:16,34.52,45.4073
2026-04-02T13:27:26,34.58,45.4078
2026-04-02T13:27:31,34.46,45.4081
2026-04-02T13:27:36,34.41,45.4083
2026-04-02T13:27:41,34.43,45.4086
2026-04-02T13:27:46,34.48,45.4088
2026-04-02T13:27:51,34.44,45.4091
2026-04-02T13:27:56,34.44,45.4094
2026-04-02T13:28:01,34.42,45.4096
2026-04-02T13:28:06,34.42,45.4099
2026-04-02T13:28:11,34.42,45.4101
2026-04-02T13:28:16,34.54,45.4104
2026-04-02T13:28:21,34.52,45.4106
2026-04-02T13:28:26,34.52,45.4109
2026-04-02T13:28:31,34.41,45.4112
2026-04-02T13:28:36,34.49,45.4114
2026-04-02T13:28:41,34.4,45.4117
2026-04-02T13:28:46,34.51,45.4119
2026-04-02T13:28:56,34.58,45.4125
2026-04-02T13:29:01,34.49,45.4127
2026-04-02T13:29:06,34.56,45.413
2026-04-02T13:29:11,34.5,45.4132
2026-04-02T13:29:16,34.46,45.4135
2026-04-02T13:29:21,34.49,45.4137
2026-04-02T13:29:26,34.52,45.414
2026-04-02T13:29:31,34.56,45.4143
2026-04-02T13:29:36,34.55,45.4145
2026-04-02T13:29:41,34.42,45.4148
2026-04-02T13:29:46,34.53,45.415
2026-04-02T13:29:51,34.49,45.4153
2026-04-02T13:29:56,34.44,45.4155
2026-04-02T13:30:01,34.43,45.4158
2026-04-02T13:30:06,34.45,45.4161
2026-04-02T13:30:11,34.52,45.4163
2026-04-02T13:30:16,34.53,45.4166
2026-04-02T13:30:26,34.55,45.4171
2026-04-02T13:30:31,34.41,45.4174
2026-04-02T13:30:36,34.49,45.4176
2026-04-02T13:30:41,34.48,45.4179
2026-04-02T13:30:51,34.57,45.4184
2026-04-02T13:30:56,34.48,45.4186
2026-04-02T13:31:01,34.44,45.4189
2026-04-02T13:31:06,34.55,45.4192
2026-04-02T13:31:11,34.57,45.4194
2026-04-02T13:31:16,34.45,45.4197
2026-04-02T13:31:21,34.57,45.4199
2026-04-02T13:31:26,34.45,45.4202
2026-04-02T13:31:31,34.59,45.4205
2026-04-02T13:31:36,34.45,45.4207
2026-04-02T13:31:41,34.42,45.421
2026-04-02T13:31:46,34.47,45.4212
2026-04-02T13:31:51,34.45,45.4215
2026-04-02T13:31:56,34.48,45.4217
2026-04-02T13:32:01,34.47,45.422
2026-04-02T13:32:06,34.44,45.4223
2026-04-02T13:32:11,34.47,45.4225
2026-04-02T13:32:16,34.57,45.4228
2026-04-02T13:32:21,34.59,45.423
2026-04-02T13:32:26,34.42,45.4233
2026-04-02T13:32:31,34.53,45.4236
2026-04-02T13:32:36,34.5,45.4238
2026-04-02T13:32:41,34.55,45.4241
2026-04-02T13:32:46,34.45,45.4243
2026-04-02T13:32:51,34.48,45.4246
2026-04-02T13:33:01,34.56,45.4251
2026-04-02T13:33:06,34.54,45.4254
2026-04-02T13:33:11,34.55,45.4256
2026-04-02T13:33:16,34.54,45.4259
2026-04-02T13:33:21,34.46,45.4261
2026-04-02T13:33:26,34.47,45.4264
2026-04-02T13:33:31,34.59,45.4267
2026-04-02T13:33:36,34.47,45.4269
2026-04-02T13:33:41,34.6,45.4272
2026-04-02T13:33:46,34.45,45.4274
2026-04-02T13:33:51,34.57,45.4277
2026-04-02T13:34:01,34.41,45.4282
2026-04-02T13:34:06,34.52,45.4285
2026-04-02T13:34:16,34.42,45.429
2026-04-02T13:34:21,34.55,45.4292
2026-04-02T13:34:31,34.42,45.4298
2026-04-02T13:34:36,34.41,45.43
2026-04-02T13:34:41,34.46,45.4303
2026-04-02T13:34:46,34.52,45.4305
2026-04-02T13:34:51,34.58,45.4308
2026-04-02T13:34:56,34.41,45.431
2026-04-02T13:35:01,34.54,45.4313
2026-04-02T13:35:06,34.48,45.4316
2026-04-02T13:35:11,34.48,45.4318
2026-04-02T13:35:16,34.56,45.4321
2026-04-02T13:35:26,34.53,45.4326
2026-04-02T13:35:31,34.5,45.4328
2026-04-02T13:35:36,34.54,45.4331
2026-04-02T13:35:41,34.54,45.4334
2026-04-02T13:35:46,34.54,45.4336
2026-04-02T13:35:51,34.52,45.4339
2026-04-02T13:35:56,34.58,45.4341
2026-04-02T13:36:01,34.44,45.4344
2026-04-02T13:36:06,34.41,45.4347
2026-04-02T13:36:11,34.56,45.4349
2026-04-02T13:36:16,34.58,45.4352
2026-04-02T13:36:21,34.45,45.4354
2026-04-02T13:36:26,34.54,45.4357
2026-04-02T13:36:31,34.48,45.4359
2026-04-02T13:36:36,34.44,45.4362
2026-04-02T13:36:41,34.44,45.4365
2026-04-02T13:36:46,34.42,45.4367
2026-04-02T13:36:51,34.45,45.437
2026-04-02T13:36:56,34.43,45.4372
2026-04-02T13:37:01,34.42,45.4375
2026-04-02T13:37:06,34.56,45.4378
2026-04-02T13:37:11,34.52,45.438
2026-04-02T13:37:16,34.44,45.4383
2026-04-02T13:37:21,34.56,45.4385
2026-04-02T13:37:26,34.57,45.4388
2026-04-02T13:37:31,34.43,45.439
2026-04-02T13:37:36,34.53,45.4393
2026-04-02T13:37:41,34.59,45.4396
2026-04-02T13:37:46,34.59,45.4398
2026-04-02T13:37:51,34.44,45.4401
2026-04-02T13:37:56,34.58,45.4403
2026-04-02T13:38:01,34.51,45.4406
2026-04-02T13:38:06,34.54,45.4409
2026-04-02T13:38:11,34.43,45.4411
2026-04-02T13:38:16,34.52,45.4414
2026-04-02T13:38:21,34.58,45.4416
2026-04-02T13:38:26,34.43,45.4419
2026-04-02T13:38:31,34.47,45.4421
2026-04-02T13:38:36,34.47,45.4424
2026-04-02T13:38:41,34.49,45.4427
2026-04-02T13:38:46,34.52,45.4429
2026-04-02T13:38:56,34.49,45.4434
2026-04-02T13:39:01,34.5,45.4437
2026-04-02T13:39:06,34.57,45.444
2026-04-02T13:39:11,34.6,45.4442
2026-04-02T13:39:16,34.48,45.4445
2026-04-02T13:39:21,34.5,45.4447
2026-04-02T13:39:26,34.56,45.445
2026-04-02T13:39:31,34.56,45.4452
2026-04-02T13:39:41,34.54,45.4458
2026-04-02T13:39:46,34.46,45.446
2026-04-02T13:39:56,34.42,45.4465
2026-04-02T13:40:01,34.54,45.4468
2026-04-02T13:40:06,34.52,45.4471
2026-04-02T13:40:11,34.55,45.4473
2026-04-02T13:40:16,34.47,45.4476
2026-04-02T13:40:26,34.54,45.4481
2026-04-02T13:40:31,34.5,45.4483
2026-04-02T13:40:36,34.58,45.4486
2026-04-02T13:40:41,34.55,45.4489
2026-04-02T13:40:46,34.48,45.4491
2026-04-02T13:40:51,34.42,45.4494
2026-04-02T13:40:56,34.53,45.4496
2026-04-02T13:41:01,34.49,45.4499
2026-04-02T13:41:06,34.46,45.4502
2026-04-02T13:41:11,34.5,45.4504
2026-04-02T13:41:16,34.44,45.4507
2026-04-02T13:41:21,34.43,45.4509
2026-04-02T13:41:26,34.49,45.4512
2026-04-02T13:41:31,34.53,45.4514
2026-04-02T13:41:36,34.55,45.4517
2026-04-02T13:41:41,34.51,45.452
2026-04-02T13:41:46,34.55,45.4522
2026-04-02T13:41:51,34.57,45.4525
2026-04-02T13:41:56,34.54,45.4527
2026-04-02T13:42:01,34.53,45.453
2026-04-02T13:42:06,34.59,45.4533
2026-04-02T13:42:11,34.6,45.4535
2026-04-02T13:42:16,34.51,45.4538
2026-04-02T13:42:21,34.57,45.454
2026-04-02T13:42:26,34.52,45.4543
2026-04-02T13:42:31,34.45,45.4546
2026-04-02T13:42:36,34.54,45.4548
2026-04-02T13:42:41,34.6,45.4551
2026-04-02T13:42:51,34.52,45.4556
2026-04-02T13:42:56,34.6,45.4558
2026-04-02T13:43:01,34.55,45.4561
2026-04-02T13:43:11,34.59,45.4566
2026-04-02T13:43:16,34.42,45.4569
2026-04-02T13:43:21,34.5,45.4571
2026-04-02T13:43:26,34.5,45.4574
2026-04-02T13:43:31,34.58,45.4577
2026-04-02T13:43:36,34.54,45.4579
2026-04-02T13:43:41,34.59,45.4582
2026-04-02T13:43:46,34.49,45.4584
2026-04-02T13:43:51,34.47,45.4587
2026-04-02T13:43:56,34.59,45.4589
2026-04-02T13:44:01,34.4,45.4592
2026-04-02T13:44:11,34.41,45.4597
2026-04-02T13:44:16,34.49,45.46
2026-04-02T13:44:21,34.41,45.4602
2026-04-02T13:44:26,34.42,45.4605
2026-04-02T13:44:31,34.55,45.4608
2026-04-02T13:44:36,34.4,45.461
2026-04-02T13:44:41,34.5,45.4613
2026-04-02T13:44:46,34.59,45.4615
2026-04-02T13:44:51,34.57,45.4618
2026-04-02T13:44:56,34.56,45.462
2026-04-02T13:45:06,34.59,45.4626
2026-04-02T13:45:16,34.6,45.4631
2026-04-02T13:45:26,34.51,45.4636
2026-04-02T13:45:31,34.55,45.4639
2026-04-02T13:45:41,34.55,45.4644
2026-04-02T13:45:46,34.57,45.4646
2026-04-02T13:45:51,34.47,45.4649
2026-04-02T13:45:56,34.43,45.4651
2026-04-02T13:46:01,34.54,45.4654
2026-04-02T13:46:06,34.47,45.4657
2026-04-02T13:46:11,34.48,45.4659
2026-04-02T13:46:16,34.59,45.4662
2026-04-02T13:46:21,34.4,45.4664
2026-04-02T13:46:26,34.57,45.4667
2026-04-02T13:46:31,34.46,45.467
2026-04-02T13:46:41,34.48,45.4675
2026-04-02T13:46:46,34.44,45.4677
2026-04-02T13:46:51,34.52,45.468
2026-04-02T13:46:56,34.56,45.4682
2026-04-02T13:47:01,34.6,45.4685
2026-04-02T13:47:06,34.56,45.4688
2026-04-02T13:47:11,34.56,45.469
2026-04-02T13:47:16,34.58,45.4693
2026-04-02T13:47:21,34.57,45.4695
2026-04-02T13:47:26,34.42,45.4698
2026-04-02T13:47:31,34.45,45.4701
2026-04-02T13:47:41,34.43,45.4706
2026-04-02T13:47:46,34.44,45.4708
2026-04-02T13:47:51,34.52,45.4711
2026-04-02T13:48:01,34.45,45.4716
2026-04-02T13:48:06,34.42,45.4719
2026-04-02T13:48:16,34.48,45.4724
2026-04-02T13:48:21,34.49,45.4726
2026-04-02T13:48:26,34.52,45.4729
2026-04-02T13:48:31,34.58,45.4732
2026-04-02T13:48:36,34.59,45.4734
2026-04-02T13:48:46,34.51,45.4739
2026-04-02T13:48:51,34.42,45.4742
2026-04-02T13:48:56,34.58,45.4745
2026-04-02T13:49:01,34.42,45.4747
2026-04-02T13:49:06,34.6,45.475
2026-04-02T13:49:11,34.47,45.4752
2026-04-02T13:49:16,34.45,45.4755
2026-04-02T13:49:21,34.48,45.4757
2026-04-02T13:49:26,34.46,45.476
2026-04-02T13:49:31,34.51,45.4763
2026-04-02T13:49:36,34.55,45.4765
2026-04-02T13:49:41,34.46,45.4768
2026-04-02T13:49:46,34.57,45.477
2026-04-02T13:49:51,34.46,45.4773
2026-04-02T13:49:56,34.58,45.4776
2026-04-02T13:50:01,34.49,45.4778
2026-04-02T13:50:06,34.44,45.4781
2026-04-02T13:50:11,34.49,45.4783
2026-04-02T13:50:16,34.57,45.4786
2026-04-02T13:50:21,34.48,45.4788
2026-04-02T13:50:26,34.59,45.4791
2026-04-02T13:50:31,34.49,45.4794
2026-04-02T13:50:36,34.58,45.4796
2026-04-02T13:50:41,34.44,45.4799
2026-04-02T13:50:46,34.49,45.4801
2026-04-02T13:50:51,34.52,45.4804
2026-04-02T13:50:56,34.49,45.4807
2026-04-02T13:51:01,34.42,45.4809
2026-04-02T13:51:06,34.57,45.4812
2026-04-02T13:51:11,34.42,45.4814
2026-04-02T13:51:16,34.47,45.4817
2026-04-02T13:51:21,34.57,45.4819
2026-04-02T13:51:26,34.43,45.4822
2026-04-02T13:51:36,34.47,45.4827
2026-04-02T13:51:41,34.51,45.483
2026-04-02T13:51:46,34.52,45.4832
2026-04-02T13:51:51,34.5,45.4835
2026-04-02T13:51:56,34.44,45.4838
2026-04-02T13:52:01,34.47,45.484
2026-04-02T13:52:06,34.5,45.4843
2026-04-02T13:52:11,34.53,45.4845
2026-04-02T13:52:16,34.59,45.4848
2026-04-02T13:52:21,34.58,45.4851
2026-04-02T13:52:26,34.5,45.4853
2026-04-02T13:52:31,34.6,45.4856
2026-04-02T13:52:36,34.54,45.4858
2026-04-02T13:52:41,34.57,45.4861
2026-04-02T13:52:46,34.44,45.4863
2026-04-02T13:52:51,34.48,45.4866
2026-04-02T13:52:56,34.43,45.4869
2026-04-02T13:53:01,34.54,45.4871
2026-04-02T13:53:06,34.53,45.4874
2026-04-02T13:53:11,34.45,45.4876
2026-04-02T13:53:16,34.44,45.4879
2026-04-02T13:53:21,34.53,45.4882
2026-04-02T13:53:26,34.48,45.4884
2026-04-02T13:53:37,35.07,45.482
2026-04-02T13:53:42,35.62,45.4788
2026-04-02T13:53:52,35.28,45.4723
2026-04-02T13:53:57,35.07,45.4691
2026-04-02T13:54:02,35.41,45.4659
2026-04-02T13:54:12,35.16,45.4595
2026-04-02T13:54:17,35.71,45.4563
2026-04-02T13:54:27,35.77,45.4498
2026-04-02T13:54:32,35.56,45.4466
2026-04-02T13:54:37,35.8,45.4434
2026-04-02T13:54:42,35.07,45.4402
2026-04-02T13:54:47,35.81,45.437
2026-04-02T13:54:52,35.09,45.4338
2026-04-02T13:54:57,35.4,45.4306
2026-04-02T13:55:02,35.29,45.4273
2026-04-02T13:55:07,35.2,45.4241
2026-04-02T13:55:12,35.6,45.4209
2026-04-02T13:55:17,35.95,45.4177
2026-04-02T13:55:22,35.59,45.4145
2026-04-02T13:55:32,35.62,45.4081
2026-04-02T13:55:37,35.96,45.4048
2026-04-02T13:55:42,35.65,45.4016
2026-04-02T13:55:47,35.6,45.3984
2026-04-02T13:55:52,35.07,45.3952
2026-04-02T13:55:57,34.99,45.392
2026-04-02T13:56:07,35.7,45.3856
2026-04-02T13:56:12,35.94,45.3823
2026-04-02T13:56:17,35.65,45.3791
2026-04-02T13:56:22,35.41,45.3759
2026-04-02T13:56:27,35.74,45.3727
2026-04-02T13:56:32,35.45,45.3695
2026-04-02T13:56:37,35.52,45.3663
2026-04-02T13:56:42,35.46,45.3631
2026-04-02T13:56:47,35.08,45.3599
2026-04-02T13:56:57,35.14,45.3534
2026-04-02T13:57:02,35.19,45.3502
2026-04-02T13:57:17,35.66,45.3406
2026-04-02T13:57:22,35.56,45.3374
2026-04-02T13:57:27,35.76,45.3341
2026-04-02T13:57:32,35.48,45.3309
2026-04-02T13:57:37,35.2,45.3277
2026-04-02T13:57:47,36.05,45.3213
2026-04-02T13:58:02,35.47,45.3117
2026-04-02T13:58:07,35.4,45.3084
2026-04-02T13:58:12,35.76,45.3052
2026-04-02T13:58:22,35.63,45.2988
2026-04-02T13:58:27,35.26,45.2956
2026-04-02T13:58:32,35.51,45.2924
2026-04-02T13:58:37,35.95,45.2892
2026-04-02T13:58:42,35.55,45.2859
2026-04-02T13:58:47,35.87,45.2827
2026-04-02T13:58:57,35.78,45.2763
2026-04-02T13:59:02,35.69,45.2731
2026-04-02T13:59:07,35.88,45.2699
2026-04-02T13:59:12,35.72,45.2667
2026-04-02T13:59:17,35.95,45.2634
2026-04-02T13:59:22,35.82,45.2602
2026-04-02T13:59:27,35.08,45.257
2026-04-02T13:59:32,35.3,45.2538
2026-04-02T13:59:37,35.8,45.2506
2026-04-02T13:59:42,35.67,45.2474
2026-04-02T13:59:47,35.39,45.2442
2026-04-02T13:59:52,35.22,45.241
2026-04-02T13:59:57,35.21,45.2377
2026-04-02T14:00:02,35.16,45.2345
2026-04-02T14:00:07,35.94,45.2313
2026-04-02T14:00:12,35.05,45.2281
2026-04-02T14:00:22,35.22,45.2217
2026-04-02T14:00:27,35.48,45.2185
2026-04-02T14:00:32,35.55,45.2152
2026-04-02T14:00:37,35.71,45.212
2026-04-02T14:00:42,35.21,45.2088
2026-04-02T14:00:47,35.76,45.2056
2026-04-02T14:00:52,35.09,45.2024
2026-04-02T14:00:57,35.53,45.1992
2026-04-02T14:01:02,35.8,45.196
2026-04-02T14:01:07,35.16,45.1927
2026-04-02T14:01:12,35.26,45.1895
2026-04-02T14:01:17,35.75,45.1863
2026-04-02T14:01:22,35.61,45.1831
2026-04-02T14:01:27,36.07,45.1799
2026-04-02T14:01:37,35.36,45.1735
2026-04-02T14:01:42,35.5,45.1703
2026-04-02T14:01:47,35.41,45.167
2026-04-02T14:01:52,35.39,45.1638
2026-04-02T14:01:57,35.44,45.1606
2026-04-02T14:02:02,35.75,45.1574
2026-04-02T14:02:07,35.38,45.1542
2026-04-02T14:02:12,35.33,45.151
2026-04-02T14:02:17,35.87,45.1478
2026-04-02T14:02:22,35.26,45.1445
2026-04-02T14:02:27,35.74,45.1413
2026-04-02T14:02:32,35.17,45.1381
2026-04-02T14:02:37,35.48,45.1349
2026-04-02T14:02:42,35.36,45.1317
2026-04-02T14:02:47,35.34,45.1285
2026-04-02T14:02:52,35.45,45.1253
2026-04-02T14:02:57,35.87,45.1221
2026-04-02T14:03:02,35.78,45.1188
2026-04-02T14:03:07,35.54,45.1156
2026-04-02T14:03:12,35.44,45.1124
2026-04-02T14:03:17,35.58,45.1092
2026-04-02T14:03:22,35.3,45.106
2026-04-02T14:03:27,35.89,45.1028
2026-04-02T14:03:32,35.93,45.0996
2026-04-02T14:03:37,35.0,45.0963
2026-04-02T14:03:42,35.36,45.0931
2026-04-02T14:03:47,35.65,45.0899
2026-04-02T14:03:57,35.57,45.0835
2026-04-02T14:04:07,35.01,45.0771
2026-04-02T14:04:12,35.7,45.0738
2026-04-02T14:04:22,35.39,45.0674
2026-04-02T14:04:27,35.65,45.0642
2026-04-02T14:04:32,35.39,45.061
2026-04-02T14:04:37,35.59,45.0578
2026-04-02T14:04:47,34.99,45.0514
2026-04-02T14:04:52,35.08,45.0481
2026-04-02T14:04:57,35.31,45.0449
2026-04-02T14:05:02,35.29,45.0417
2026-04-02T14:05:07,34.96,45.0385
2026-04-02T14:05:12,35.98,45.0353
2026-04-02T14:05:17,36.02,45.0321
2026-04-02T14:05:22,35.92,45.0289
2026-04-02T14:05:27,35.76,45.0256
2026-04-02T14:05:32,35.72,45.0224
2026-04-02T14:05:37,35.31,45.0192
2026-04-02T14:05:42,35.23,45.016
2026-04-02T14:05:47,35.7,45.0128
2026-04-02T14:05:52,35.24,45.0096
2026-04-02T14:05:57,34.92,45.0064
2026-04-02T14:06:02,35.28,45.0031
2026-04-02T14:06:07,35.37,44.9999
2026-04-02T14:06:12,35.78,44.9967
2026-04-02T14:06:17,35.85,44.9935
2026-04-02T14:06:22,35.41,44.9903
2026-04-02T14:06:27,35.6,44.9871
2026-04-02T14:06:32,35.26,44.9839
2026-04-02T14:06:37,36.05,44.9807
2026-04-02T14:06:42,35.7,44.9774
2026-04-02T14:06:47,35.29,44.9742
2026-04-02T14:06:52,35.93,44.971
2026-04-02T14:06:57,35.96,44.9678
2026-04-02T14:07:02,35.87,44.9646
2026-04-02T14:07:07,35.71,44.9614
2026-04-02T14:07:12,35.23,44.9582
2026-04-02T14:07:17,35.91,44.9549
2026-04-02T14:07:22,35.9,44.9517
2026-04-02T14:07:27,35.3,44.9485
2026-04-02T14:07:32,35.42,44.9453
2026-04-02T14:07:37,35.54,44.9421
2026-04-02T14:07:42,35.53,44.9389
2026-04-02T14:07:52,35.0,44.9325
2026-04-02T14:07:57,35.82,44.9292
2026-04-02T14:08:02,35.89,44.926
2026-04-02T14:08:07,35.87,44.9228
2026-04-02T14:08:12,35.6,44.9196
2026-04-02T14:08:22,35.21,44.9132
2026-04-02T14:08:27,34.94,44.91
2026-04-02T14:08:32,35.71,44.9067
2026-04-02T14:08:37,35.59,44.9035
2026-04-02T14:08:42,35.74,44.9003
2026-04-02T14:08:47,35.8,44.8971
2026-04-02T14:08:52,35.48,44.8939
2026-04-02T14:08:57,35.5,44.8907
2026-04-02T14:09:02,35.05,44.8875
2026-04-02T14:09:12,35.03,44.881
2026-04-02T14:09:27,35.17,44.8714
2026-04-02T14:09:32,35.46,44.8682
2026-04-02T14:09:37,35.7,44.865
2026-04-02T14:09:47,35.3,44.8585
2026-04-02T14:09:52,35.57,44.8553
2026-04-02T14:09:57,35.39,44.8521
2026-04-02T14:10:02,35.04,44.8489
2026-04-02T14:10:07,35.89,44.8457
2026-04-02T14:10:12,35.59,44.8425
2026-04-02T14:10:17,35.37,44.8393
2026-04-02T14:10:22,35.64,44.836
2026-04-02T14:10:27,35.42,44.8328
2026-04-02T14:10:37,35.21,44.8264
2026-04-02T14:10:42,35.15,44.8232
2026-04-02T14:10:52,35.65,44.8168
2026-04-02T14:10:57,35.09,44.8136
2026-04-02T14:11:02,35.26,44.8103
2026-04-02T14:11:07,35.7,44.8071
2026-04-02T14:11:12,35.25,44.8039
2026-04-02T14:11:17,35.3,44.8007
2026-04-02T14:11:22,35.39,44.7975
2026-04-02T14:11:27,35.82,44.7943
2026-04-02T14:11:32,35.99,44.7911
2026-04-02T14:11:37,35.22,44.7878
2026-04-02T14:11:42,36.0,44.7846
2026-04-02T14:11:47,35.94,44.7814
2026-04-02T14:11:52,35.39,44.7782
2026-04-02T14:11:57,35.2,44.775
2026-04-02T14:12:02,35.86,44.7718
2026-04-02T14:12:07,35.13,44.7686
2026-04-02T14:12:12,35.66,44.7654
2026-04-02T14:12:17,35.82,44.7621
2026-04-02T14:12:22,35.64,44.7589
2026-04-02T14:12:27,35.51,44.7557
2026-04-02T14:12:32,35.6,44.7525
2026-04-02T14:12:37,35.18,44.7493
2026-04-02T14:12:42,35.37,44.7461
2026-04-02T14:12:52,35.41,44.7396
2026-04-02T14:12:57,35.27,44.7364
2026-04-02T14:13:02,35.35,44.7332
2026-04-02T14:13:07,36.06,44.73
2026-04-02T14:13:12,35.12,44.7268
2026-04-02T14:13:17,35.72,44.7236
2026-04-02T14:13:22,35.71,44.7204
2026-04-02T14:13:27,35.39,44.7172
2026-04-02T14:13:32,35.02,44.7139
2026-04-02T14:13:37,35.58,44.7107
2026-04-02T14:13:42,35.48,44.7075
2026-04-02T14:13:47,35.46,44.7043
2026-04-02T14:13:52,35.4,44.7011
2026-04-02T14:13:57,35.75,44.6979
2026-04-02T14:14:02,35.34,44.6947
2026-04-02T14:14:07,35.31,44.6914
2026-04-02T14:14:12,35.82,44.6882
2026-04-02T14:14:17,35.51,44.685
2026-04-02T14:14:22,35.59,44.6818
2026-04-02T14:14:27,35.96,44.6786
2026-04-02T14:14:32,35.42,44.6754
2026-04-02T14:14:37,35.41,44.6722
2026-04-02T14:14:42,35.88,44.669
2026-04-02T14:14:47,35.83,44.6657
2026-04-02T14:14:52,35.01,44.6625
2026-04-02T14:14:57,34.96,44.6593
2026-04-02T14:15:02,36.02,44.6561
2026-04-02T14:15:07,35.88,44.6529
2026-04-02T14:15:12,35.47,44.6497
2026-04-02T14:15:17,35.42,44.6465
2026-04-02T14:15:22,35.49,44.6432
2026-04-02T14:15:37,35.59,44.6336
2026-04-02T14:15:42,35.15,44.6304
2026-04-02T14:15:47,35.39,44.6272
2026-04-02T14:15:57,35.74,44.6207
2026-04-02T14:16:12,35.09,44.6111
2026-04-02T14:16:17,35.75,44.6079
2026-04-02T14:16:22,35.73,44.6047
2026-04-02T14:16:27,35.43,44.6015
2026-04-02T14:16:32,35.74,44.5983
2026-04-02T14:16:37,36.06,44.595
2026-04-02T14:16:42,35.85,44.5918
2026-04-02T14:16:47,35.3,44.5886
2026-04-02T14:16:52,35.38,44.5854
2026-04-02T14:17:02,35.66,44.579
2026-04-02T14:17:12,36.02,44.5725
2026-04-02T14:17:22,35.19,44.5661
2026-04-02T14:17:27,35.05,44.5629
2026-04-02T14:17:32,35.35,44.5597
2026-04-02T14:17:42,35.54,44.5533
2026-04-02T14:17:52,35.99,44.5468
2026-04-02T14:17:57,35.82,44.5436
2026-04-02T14:18:02,35.6,44.5404
2026-04-02T14:18:07,35.34,44.5372
2026-04-02T14:18:12,35.34,44.534
2026-04-02T14:18:17,35.38,44.5308
2026-04-02T14:18:22,35.26,44.5276
2026-04-02T14:18:32,35.28,44.5211
2026-04-02T14:18:37,35.44,44.5179
2026-04-02T14:18:42,35.4,44.5147
2026-04-02T14:18:47,35.29,44.5115
2026-04-02T14:18:52,35.32,44.5083
2026-04-02T14:18:57,35.85,44.5051
2026-04-02T14:19:02,35.61,44.5019
2026-04-02T14:19:07,35.18,44.4986
2026-04-02T14:19:12,35.38,44.4954
2026-04-02T14:19:17,35.84,44.4922
2026-04-02T14:19:22,35.38,44.489
2026-04-02T14:19:32,35.58,44.4826
2026-04-02T14:19:37,35.8,44.4794
2026-04-02T14:19:42,35.05,44.4761
2026-04-02T14:19:47,35.92,44.4729
2026-04-02T14:19:57,35.48,44.4665
2026-04-02T14:20:02,35.86,44.4633
2026-04-02T14:20:07,35.58,44.4601
2026-04-02T14:20:12,35.83,44.4569
2026-04-02T14:20:17,35.98,44.4537
2026-04-02T14:20:22,35.29,44.4504
2026-04-02T14:20:27,35.41,44.4472
2026-04-02T14:20:32,35.91,44.444
2026-04-02T14:20:37,35.8,44.4408
2026-04-02T14:20:42,35.46,44.4376
2026-04-02T14:20:52,35.04,44.4312
2026-04-02T14:20:57,35.76,44.4279
2026-04-02T14:21:02,35.1,44.4247
2026-04-02T14:21:07,35.86,44.4215
2026-04-02T14:21:12,35.37,44.4183
2026-04-02T14:21:17,35.25,44.4151
2026-04-02T14:21:22,35.89,44.4119
2026-04-02T14:21:27,36.02,44.4087
2026-04-02T14:21:32,35.66,44.4055
2026-04-02T14:21:37,35.64,44.4022
2026-04-02T14:21:42,35.88,44.399
2026-04-02T14:21:47,36.02,44.3958
2026-04-02T14:21:52,35.1,44.3926
2026-04-02T14:21:57,36.01,44.3894
2026-04-02T14:22:02,35.26,44.3862
2026-04-02T14:22:07,35.51,44.383
2026-04-02T14:22:12,35.33,44.3797
2026-04-02T14:22:17,35.17,44.3765
2026-04-02T14:22:22,35.34,44.3733
2026-04-02T14:22:27,35.8,44.3701
2026-04-02T14:22:32,35.05,44.3669
2026-04-02T14:22:42,35.02,44.3605
2026-04-02T14:22:47,35.17,44.3573
2026-04-02T14:22:52,35.09,44.354
2026-04-02T14:22:57,35.71,44.3508
2026-04-02T14:23:02,35.63,44.3476
2026-04-02T14:23:07,35.99,44.3444
2026-04-02T14:23:12,36.0,44.3412
2026-04-02T14:23:17,35.29,44.338
2026-04-02T14:23:22,35.49,44.3348
2026-04-02T14:23:27,35.37,44.3315
2026-04-02T14:23:37,35.81,44.3251
2026-04-02T14:23:42,35.64,44.3219
2026-04-02T14:23:47,35.01,44.3187
2026-04-02T14:23:52,35.56,44.3155
2026-04-02T14:23:57,35.28,44.3123
2026-04-02T14:24:02,35.48,44.3091
2026-04-02T14:24:07,35.3,44.3058
2026-04-02T14:24:12,35.28,44.3026
2026-04-02T14:24:17,35.12,44.2994
2026-04-02T14:24:22,35.1,44.2962
2026-04-02T14:24:27,35.25,44.293
2026-04-02T14:24:32,35.31,44.2898
2026-04-02T14:24:37,35.84,44.2866
2026-04-02T14:24:42,35.78,44.2833
2026-04-02T14:24:47,35.36,44.2801
2026-04-02T14:24:52,35.33,44.2769
2026-04-02T14:24:57,35.68,44.2737
2026-04-02T14:25:07,35.59,44.2673
2026-04-02T14:25:12,35.95,44.2641
2026-04-02T14:25:17,35.44,44.2609
2026-04-02T14:25:22,35.61,44.2576
2026-04-02T14:25:27,35.41,44.2544
2026-04-02T14:25:32,35.82,44.2512
2026-04-02T14:25:37,35.78,44.248
2026-04-02T14:25:42,35.34,44.2448
2026-04-02T14:25:47,35.06,44.2416
2026-04-02T14:25:52,35.33,44.2384
2026-04-02T14:25:57,35.63,44.2351
2026-04-02T14:26:02,35.09,44.2319
2026-04-02T14:26:07,35.23,44.2287
2026-04-02T14:26:12,35.43,44.2255
2026-04-02T14:26:17,35.06,44.2223
2026-04-02T14:26:27,35.73,44.2159
2026-04-02T14:26:32,35.36,44.2127
2026-04-02T14:26:37,35.41,44.2094
2026-04-02T14:26:42,35.73,44.2062
2026-04-02T14:26:52,35.64,44.1998
2026-04-02T14:26:57,35.92,44.1966
2026-04-02T14:27:02,35.43,44.1934
2026-04-02T14:27:07,35.7,44.1902
2026-04-02T14:27:12,36.03,44.1869
2026-04-02T14:27:17,35.06,44.1837
2026-04-02T14:27:22,35.88,44.1805
2026-04-02T14:27:27,35.88,44.1773
2026-04-02T14:27:32,35.4,44.1741
2026-04-02T14:27:37,35.01,44.1709
2026-04-02T14:27:42,35.89,44.1677
2026-04-02T14:27:47,35.84,44.1645
2026-04-02T14:27:52,35.54,44.1612
2026-04-02T14:28:02,35.16,44.1548
2026-04-02T14:28:07,35.88,44.1516
2026-04-02T14:28:12,35.93,44.1484
2026-04-02T14:28:17,35.73,44.1452
2026-04-02T14:28:22,35.56,44.142
2026-04-02T14:28:27,35.96,44.1387
2026-04-02T14:28:32,35.52,44.1355
2026-04-02T14:28:37,35.43,44.1323
2026-04-02T14:28:42,35.59,44.1291
2026-04-02T14:28:47,35.94,44.1259
2026-04-02T14:28:52,35.52,44.1227
2026-04-02T14:28:57,35.42,44.1195
2026-04-02T14:29:02,35.37,44.1163
2026-04-02T14:29:07,35.83,44.113
2026-04-02T14:29:12,35.39,44.1098
2026-04-02T14:29:22,35.38,44.1034
2026-04-02T14:29:32,35.39,44.097
2026-04-02T14:29:37,35.37,44.0938
2026-04-02T14:29:42,35.59,44.0905
2026-04-02T14:29:47,35.7,44.0873
2026-04-02T14:29:52,35.33,44.0841
2026-04-02T14:29:57,35.33,44.0809
2026-04-02T14:30:02,35.12,44.0777
2026-04-02T14:30:07,35.57,44.0745
2026-04-02T14:30:12,35.16,44.0713
2026-04-02T14:30:17,35.38,44.0681
2026-04-02T14:30:22,34.92,44.0648
2026-04-02T14:30:27,35.08,44.0616
2026-04-02T14:30:32,35.39,44.0584
2026-04-02T14:30:37,35.23,44.0552
2026-04-02T14:30:42,35.17,44.052
2026-04-02T14:30:47,35.15,44.0488
2026-04-02T14:30:52,35.22,44.0456
2026-04-02T14:31:02,35.19,44.0391
2026-04-02T14:31:07,35.53,44.0359
2026-04-02T14:31:12,35.03,44.0327
2026-04-02T14:31:17,35.6,44.0295
2026-04-02T14:31:22,35.39,44.0263
2026-04-02T14:31:27,35.35,44.0231
2026-04-02T14:31:32,35.35,44.0199
2026-04-02T14:31:37,35.34,44.0166
2026-04-02T14:31:42,35.64,44.0134
2026-04-02T14:31:47,35.1,44.0102
2026-04-02T14:31:52,35.23,44.007
2026-04-02T14:31:57,35.09,44.0038
2026-04-02T14:32:02,35.32,44.0006
2026-04-02T14:32:07,35.1,43.9974
2026-04-02T14:32:12,35.03,43.9941
2026-04-02T14:32:17,35.57,43.9909
2026-04-02T14:32:22,35.53,43.9877
2026-04-02T14:32:27,35.28,43.9845
2026-04-02T14:32:32,35.3,43.9813
2026-04-02T14:32:37,35.81,43.9781
2026-04-02T14:32:42,35.72,43.9749
2026-04-02T14:32:47,35.68,43.9717
2026-04-02T14:32:52,35.33,43.9684
2026-04-02T14:32:57,35.82,43.9652
2026-04-02T14:33:02,36.0,43.962
2026-04-02T14:33:07,35.66,43.9588
2026-04-02T14:33:12,35.54,43.9556
2026-04-02T14:33:17,35.92,43.9524
2026-04-02T14:33:22,35.64,43.9492
2026-04-02T14:33:27,35.71,43.946
2026-04-02T14:33:32,35.06,43.9427
2026-04-02T14:33:37,35.38,43.9395
2026-04-02T14:33:42,35.21,43.9363
2026-04-02T14:33:47,35.09,43.9331
2026-04-02T14:33:57,35.37,43.9267
2026-04-02T14:34:02,35.08,43.9235
2026-04-02T14:34:07,35.38,43.9202
2026-04-02T14:34:12,35.85,43.917
2026-04-02T14:34:17,35.18,43.9138
2026-04-02T14:34:22,35.46,43.9106
2026-04-02T14:34:27,35.88,43.9074
2026-04-02T14:34:32,35.95,43.9042
2026-04-02T14:34:37,36.02,43.901
2026-04-02T14:34:42,35.81,43.8978
2026-04-02T14:34:47,35.81,43.8945
2026-04-02T14:34:52,35.66,43.8913
2026-04-02T14:34:57,35.54,43.8881
2026-04-02T14:35:02,35.13,43.8849
2026-04-02T14:35:07,35.61,43.8817
2026-04-02T14:35:12,35.5,43.8785
2026-04-02T14:35:17,35.8,43.8753
2026-04-02T14:35:22,35.4,43.872
2026-04-02T14:35:27,35.17,43.8688
2026-04-02T14:35:32,35.27,43.8656
2026-04-02T14:35:42,35.74,43.8592
2026-04-02T14:35:52,35.26,43.8528
2026-04-02T14:35:57,35.83,43.8496
2026-04-02T14:36:02,35.72,43.8463
2026-04-02T14:36:07,35.06,43.8431
2026-04-02T14:36:12,35.87,43.8399
2026-04-02T14:36:27,35.77,43.8303
2026-04-02T14:36:32,34.95,43.8271
2026-04-02T14:36:37,35.42,43.8238
2026-04-02T14:36:42,35.92,43.8206
2026-04-02T14:36:47,35.49,43.8174
2026-04-02T14:36:52,36.0,43.8142
2026-04-02T14:36:57,35.57,43.811
2026-04-02T14:37:02,35.3,43.8078
2026-04-02T14:37:07,35.23,43.8046
2026-04-02T14:37:12,35.84,43.8014
2026-04-02T14:37:17,35.13,43.7981
2026-04-02T14:37:22,35.38,43.7949
2026-04-02T14:37:27,35.18,43.7917
2026-04-02T14:37:32,35.6,43.7885
2026-04-02T14:37:37,35.56,43.7853
2026-04-02T14:37:47,35.59,43.7789
2026-04-02T14:37:52,35.29,43.7756
2026-04-02T14:37:57,35.98,43.7724
2026-04-02T14:38:02,36.04,43.7692
2026-04-02T14:38:07,35.94,43.766
2026-04-02T14:38:12,35.11,43.7628
2026-04-02T14:38:17,35.12,43.7596
2026-04-02T14:38:22,35.75,43.7564
2026-04-02T14:38:27,35.47,43.7532
2026-04-02T14:38:32,35.65,43.7499
2026-04-02T14:38:37,35.48,43.7467
2026-04-02T14:38:42,35.07,43.7435
2026-04-02T14:38:47,36.05,43.7403
2026-04-02T14:38:52,35.62,43.7371
2026-04-02T14:38:57,35.14,43.7339
2026-04-02T14:39:02,35.27,43.7307
2026-04-02T14:39:07,35.11,43.7274
2026-04-02T14:39:12,35.62,43.7242
2026-04-02T14:39:17,35.15,43.721
2026-04-02T14:39:22,35.9,43.7178
2026-04-02T14:39:27,35.71,43.7146
2026-04-02T14:39:32,35.86,43.7114
2026-04-02T14:39:37,35.21,43.7082
2026-04-02T14:39:42,35.12,43.705
2026-04-02T14:39:52,35.78,43.6985
2026-04-02T14:39:57,35.49,43.6953
2026-04-02T14:40:02,35.94,43.6921
2026-04-02T14:40:07,35.71,43.6889
2026-04-02T14:40:12,35.09,43.6857
2026-04-02T14:40:17,34.98,43.6825
2026-04-02T14:40:22,36.06,43.6793
2026-04-02T14:40:27,35.38,43.676
2026-04-02T14:40:37,35.6,43.6696
2026-04-02T14:40:42,35.63,43.6664
2026-04-02T14:40:47,35.24,43.6632
2026-04-02T14:40:52,35.48,43.66
2026-04-02T14:40:57,35.02,43.6568
2026-04-02T14:41:02,35.79,43.6535
2026-04-02T14:41:12,35.82,43.6471
2026-04-02T14:41:17,35.79,43.6439
2026-04-02T14:41:22,35.77,43.6407
2026-04-02T14:41:27,35.62,43.6375
2026-04-02T14:41:32,35.77,43.6343
2026-04-02T14:41:37,35.53,43.6311
2026-04-02T14:41:42,35.53,43.6278
2026-04-02T14:41:47,35.7,43.6246
2026-04-02T14:41:52,35.29,43.6214
2026-04-02T14:41:57,35.58,43.6182
2026-04-02T14:42:02,35.02,43.615
2026-04-02T14:42:07,35.16,43.6118
2026-04-02T14:42:12,35.35,43.6086
2026-04-02T14:42:17,35.96,43.6053
2026-04-02T14:42:22,35.95,43.6021
2026-04-02T14:42:27,35.14,43.5989
2026-04-02T14:42:32,36.07,43.5957
2026-04-02T14:42:37,35.68,43.5925
2026-04-02T14:42:42,35.25,43.5893
2026-04-02T14:42:47,35.73,43.5861
2026-04-02T14:42:52,35.74,43.5829
2026-04-02T14:42:57,35.72,43.5796
2026-04-02T14:43:02,35.27,43.5764
2026-04-02T14:43:07,35.69,43.5732
2026-04-02T14:43:12,35.04,43.57
2026-04-02T14:43:17,35.56,43.5668
2026-04-02T14:43:22,35.39,43.5636
2026-04-02T14:43:27,35.73,43.5604
2026-04-02T14:43:32,35.07,43.5571
2026-04-02T14:43:37,35.57,43.5539
2026-04-02T14:43:42,35.25,43.5507
2026-04-02T14:43:52,35.11,43.5443
2026-04-02T14:43:57,35.59,43.5411
2026-04-02T14:44:02,35.27,43.5379
2026-04-02T14:44:07,35.16,43.5347
2026-04-02T14:44:12,35.97,43.5314
2026-04-02T14:44:17,35.32,43.5282
2026-04-02T14:44:22,35.19,43.525
2026-04-02T14:44:27,35.27,43.5218
2026-04-02T14:44:32,35.07,43.5186
2026-04-02T14:44:37,35.4,43.5154
2026-04-02T14:44:42,35.4,43.5122
2026-04-02T14:44:52,35.95,43.5057
2026-04-02T14:44:57,35.82,43.5025
2026-04-02T14:45:02,35.22,43.4993
2026-04-02T14:45:07,35.78,43.4961
2026-04-02T14:45:12,35.35,43.4929
2026-04-02T14:45:17,35.25,43.4897
2026-04-02T14:45:22,35.52,43.4865
2026-04-02T14:45:27,35.28,43.4832
2026-04-02T14:45:32,35.19,43.48
2026-04-02T14:45:37,35.84,43.4768
2026-04-02T14:45:42,35.34,43.4736
2026-04-02T14:45:47,35.37,43.4704
2026-04-02T14:45:57,35.49,43.464
2026-04-02T14:46:02,35.72,43.4608
2026-04-02T14:46:12,35.8,43.4543
2026-04-02T14:46:22,35.78,43.4479
2026-04-02T14:46:27,35.27,43.4447
2026-04-02T14:46:37,36.07,43.4383
2026-04-02T14:46:42,35.87,43.435
2026-04-02T14:46:47,35.37,43.4318
2026-04-02T14:46:52,35.14,43.4286
2026-04-02T14:46:57,35.3,43.4254
2026-04-02T14:47:02,35.43,43.4222
2026-04-02T14:47:07,35.69,43.419
2026-04-02T14:47:12,36.0,43.4158
2026-04-02T14:47:17,35.97,43.4126
2026-04-02T14:47:22,35.4,43.4093
2026-04-02T14:47:27,35.67,43.4061
2026-04-02T14:47:32,35.16,43.4029
2026-04-02T14:47:37,35.73,43.3997
2026-04-02T14:47:42,35.68,43.3965
2026-04-02T14:47:47,35.71,43.3933
2026-04-02T14:47:52,35.66,43.3901
2026-04-02T14:47:57,35.86,43.3868
2026-04-02T14:48:02,35.49,43.3836
2026-04-02T14:48:07,35.77,43.3804
2026-04-02T14:48:12,35.33,43.3772
2026-04-02T14:48:17,35.68,43.374
2026-04-02T14:48:22,35.1,43.3708
2026-04-02T14:48:32,35.04,43.3644
2026-04-02T14:48:37,35.11,43.3611
2026-04-02T14:48:42,35.63,43.3579
2026-04-02T14:48:47,35.86,43.3547
2026-04-02T14:48:52,35.31,43.3515
2026-04-02T14:49:02,35.63,43.3451
2026-04-02T14:49:07,35.24,43.3419
2026-04-02T14:49:12,35.38,43.3386
2026-04-02T14:49:17,35.4,43.3354
2026-04-02T14:49:22,35.12,43.3322
2026-04-02T14:49:27,35.44,43.329
2026-04-02T14:49:32,35.27,43.3258
2026-04-02T14:49:37,35.15,43.3226
2026-04-02T14:49:42,35.43,43.3194
2026-04-02T14:49:47,35.11,43.3162
2026-04-02T14:49:52,35.74,43.3129
2026-04-02T14:49:57,35.04,43.3097
2026-04-02T14:50:02,35.61,43.3065
2026-04-02T14:50:07,35.67,43.3033
2026-04-02T14:50:12,35.71,43.3001
2026-04-02T14:50:17,36.03,43.2969
2026-04-02T14:50:22,35.6,43.2937
2026-04-02T14:50:27,35.65,43.2905
2026-04-02T14:50:32,35.68,43.2872
2026-04-02T14:50:37,35.63,43.284
2026-04-02T14:50:42,35.65,43.2808
2026-04-02T14:50:47,35.52,43.2776
2026-04-02T14:50:52,35.48,43.2744
2026-04-02T14:50:57,35.28,43.2712
2026-04-02T14:51:02,35.12,43.268
2026-04-02T14:51:07,35.19,43.2647
2026-04-02T14:51:12,35.35,43.2615
2026-04-02T14:51:22,35.29,43.2551
2026-04-02T14:51:27,35.42,43.2519
2026-04-02T14:51:32,35.47,43.2487
2026-04-02T14:51:37,35.52,43.2455
2026-04-02T14:51:42,35.99,43.2423
2026-04-02T14:51:47,35.22,43.239
2026-04-02T14:51:52,35.33,43.2358
2026-04-02T14:51:57,35.42,43.2326
2026-04-02T14:52:02,35.63,43.2294
2026-04-02T14:52:07,35.46,43.2262
2026-04-02T14:52:12,35.7,43.223
2026-04-02T14:52:22,35.25,43.2165
2026-04-02T14:52:27,35.6,43.2133
2026-04-02T14:52:32,35.43,43.2101
2026-04-02T14:52:37,35.4,43.2069
2026-04-02T14:52:42,35.05,43.2037
2026-04-02T14:52:47,35.74,43.2005
2026-04-02T14:52:52,35.15,43.1973
2026-04-02T14:52:57,35.06,43.1941
2026-04-02T14:53:02,35.15,43.1908
2026-04-02T14:53:12,35.77,43.1844
2026-04-02T14:53:17,36.0,43.1812
2026-04-02T14:53:22,35.34,43.178
2026-04-02T14:53:27,35.78,43.1748
2026-04-02T14:53:37,35.34,43.1683
2026-04-02T14:53:47,35.05,43.1619
2026-04-02T14:53:52,35.69,43.1587
2026-04-02T14:53:57,35.45,43.1555
2026-04-02T14:54:02,35.35,43.1523
2026-04-02T14:54:07,35.3,43.1491
2026-04-02T14:54:12,35.46,43.1459
2026-04-02T14:54:17,35.26,43.1426
2026-04-02T14:54:27,35.15,43.1362
2026-04-02T14:54:32,35.36,43.133
2026-04-02T14:54:37,35.71,43.1298
2026-04-02T14:54:42,35.38,43.1266
2026-04-02T14:54:47,35.34,43.1234
2026-04-02T14:54:52,35.39,43.1202
2026-04-02T14:54:57,35.47,43.1169
2026-04-02T14:55:02,35.44,43.1137
2026-04-02T14:55:07,35.69,43.1105
2026-04-02T14:55:12,35.38,43.1073
2026-04-02T14:55:17,35.75,43.1041
2026-04-02T14:55:22,36.01,43.1009
2026-04-02T14:55:27,35.9,43.0977
2026-04-02T14:55:32,35.44,43.0944
2026-04-02T14:55:37,35.17,43.0912
2026-04-02T14:55:42,35.01,43.088
2026-04-02T14:55:47,35.54,43.0848
2026-04-02T14:55:52,35.84,43.0816
2026-04-02T14:55:57,35.53,43.0784
2026-04-02T14:56:02,35.9,43.0752
2026-04-02T14:56:07,34.95,43.072
2026-04-02T14:56:12,35.23,43.0687
2026-04-02T14:56:17,35.84,43.0655
2026-04-02T14:56:22,35.11,43.0623
2026-04-02T14:56:32,35.56,43.0559
2026-04-02T14:56:42,35.4,43.0495
2026-04-02T14:56:47,35.12,43.0462
2026-04-02T14:56:52,35.11,43.043
2026-04-02T14:56:57,35.94,43.0398
2026-04-02T14:57:02,35.39,43.0366
2026-04-02T14:57:07,36.02,43.0334
2026-04-02T14:57:12,35.17,43.0302
2026-04-02T14:57:17,35.73,43.027
2026-04-02T14:57:22,35.79,43.0238
2026-04-02T14:57:27,35.62,43.0205
2026-04-02T14:57:32,35.1,43.0173
2026-04-02T14:57:37,35.84,43.0141
2026-04-02T14:57:42,35.86,43.0109
2026-04-02T14:57:47,35.65,43.0077
2026-04-02T14:57:52,35.82,43.0045
2026-04-02T14:57:57,35.86,43.0013
2026-04-02T14:58:02,35.72,42.9981
2026-04-02T14:58:07,35.03,42.9948
2026-04-02T14:58:12,35.49,42.9916
2026-04-02T14:58:17,35.8,42.9884
2026-04-02T14:58:22,35.78,42.9852
2026-04-02T14:58:27,35.64,42.982
2026-04-02T14:58:32,35.25,42.9788
2026-04-02T14:58:37,35.12,42.9756
2026-04-02T14:58:42,35.5,42.9723
2026-04-02T14:58:47,35.36,42.9691
2026-04-02T14:58:52,36.0,42.9659
2026-04-02T14:58:57,35.02,42.9627
2026-04-02T14:59:02,35.8,42.9595
2026-04-02T14:59:07,35.27,42.9563
2026-04-02T14:59:12,35.2,42.9531
2026-04-02T14:59:17,35.81,42.9499
2026-04-02T14:59:22,35.47,42.9466
2026-04-02T14:59:27,35.16,42.9434
2026-04-02T14:59:32,36.05,42.9402
2026-04-02T14:59:37,35.43,42.937
2026-04-02T14:59:42,35.46,42.9338
2026-04-02T14:59:47,35.86,42.9306
2026-04-02T14:59:52,35.63,42.9274
2026-04-02T15:00:02,35.64,42.9209
2026-04-02T15:00:07,35.39,42.9177
2026-04-02T15:00:12,35.46,42.9145
2026-04-02T15:00:17,35.64,42.9113
2026-04-02T15:00:22,35.77,42.9081
2026-04-02T15:00:27,35.52,42.9049
2026-04-02T15:00:32,35.34,42.9017
2026-04-02T15:00:37,35.29,42.8984
2026-04-02T15:00:42,35.88,42.8952
2026-04-02T15:00:47,35.13,42.892
2026-04-02T15:00:52,35.02,42.8888
2026-04-02T15:00:57,35.88,42.8856
2026-04-02T15:01:02,35.72,42.8824
2026-04-02T15:01:07,35.03,42.8792
2026-04-02T15:01:12,35.87,42.8759
2026-04-02T15:01:22,35.17,42.8695
2026-04-02T15:01:32,35.46,42.8631
2026-04-02T15:01:37,35.18,42.8599
2026-04-02T15:01:42,35.69,42.8567
2026-04-02T15:01:47,35.31,42.8535
2026-04-02T15:01:52,35.96,42.8502
2026-04-02T15:01:57,35.49,42.847
2026-04-02T15:02:02,35.69,42.8438
2026-04-02T15:02:12,35.8,42.8374
2026-04-02T15:02:17,35.06,42.8342
2026-04-02T15:02:22,35.92,42.831
2026-04-02T15:02:27,35.98,42.8278
2026-04-02T15:02:32,35.38,42.8245
2026-04-02T15:02:37,35.32,42.8213
2026-04-02T15:02:42,35.09,42.8181
2026-04-02T15:02:47,35.55,42.8149
2026-04-02T15:02:52,35.18,42.8117
2026-04-02T15:02:57,35.15,42.8085
2026-04-02T15:03:02,35.55,42.8053
2026-04-02T15:03:07,35.68,42.802
2026-04-02T15:03:12,35.41,42.7988
2026-04-02T15:03:17,35.86,42.7956
2026-04-02T15:03:22,35.3,42.7924
2026-04-02T15:03:27,35.63,42.7892
2026-04-02T15:03:32,35.69,42.786
2026-04-02T15:03:37,35.26,42.7828
2026-04-02T15:03:42,35.92,42.7796
2026-04-02T15:03:47,35.01,42.7763
2026-04-02T15:03:52,35.08,42.7731
2026-04-02T15:03:57,35.79,42.7699
2026-04-02T15:04:02,35.11,42.7667
2026-04-02T15:04:07,35.97,42.7635
2026-04-02T15:04:12,35.45,42.7603
2026-04-02T15:04:17,35.58,42.7571
2026-04-02T15:04:22,35.63,42.7538
2026-04-02T15:04:27,35.41,42.7506
2026-04-02T15:04:37,35.16,42.7442
2026-04-02T15:04:42,35.82,42.741
2026-04-02T15:04:47,35.6,42.7378
2026-04-02T15:04:52,35.09,42.7346
2026-04-02T15:04:57,35.82,42.7314
2026-04-02T15:05:02,35.46,42.7281
2026-04-02T15:05:07,35.14,42.7249
2026-04-02T15:05:12,35.4,42.7217
2026-04-02T15:05:17,35.2,42.7185
2026-04-02T15:05:22,35.94,42.7153
2026-04-02T15:05:32,35.5,42.7089
2026-04-02T15:05:37,35.93,42.7056
2026-04-02T15:05:42,35.1,42.7024
2026-04-02T15:05:48,35.05,42.6992
2026-04-02T15:05:53,35.26,42.696
2026-04-02T15:05:58,35.62,42.6928
2026-04-02T15:06:03,35.64,42.6896
2026-04-02T15:06:08,35.61,42.6864
2026-04-02T15:06:13,35.71,42.6832
2026-04-02T15:06:18,35.64,42.6799
2026-04-02T15:06:23,35.62,42.6767
2026-04-02T15:06:28,35.6,42.6735
2026-04-02T15:06:38,35.32,42.6671
2026-04-02T15:06:43,35.05,42.6639
2026-04-02T15:06:48,35.94,42.6607
2026-04-02T15:06:53,35.66,42.6575
2026-04-02T15:06:58,35.11,42.6542
2026-04-02T15:07:03,35.43,42.651
2026-04-02T15:07:08,35.32,42.6478
2026-04-02T15:07:18,35.93,42.6414
2026-04-02T15:07:23,35.69,42.6382
2026-04-02T15:07:28,35.29,42.635
2026-04-02T15:07:38,35.52,42.6285
2026-04-02T15:07:43,35.81,42.6253
2026-04-02T15:07:48,35.69,42.6221
2026-04-02T15:07:53,35.22,42.6189
2026-04-02T15:07:58,35.3,42.6157
2026-04-02T15:08:03,35.03,42.6125
2026-04-02T15:08:08,35.75,42.6093
2026-04-02T15:08:13,35.53,42.606
2026-04-02T15:08:18,34.97,42.6028
2026-04-02T15:08:23,35.93,42.5996
2026-04-02T15:08:28,35.75,42.5964
2026-04-02T15:08:33,35.14,42.5932
2026-04-02T15:08:38,35.19,42.59
2026-04-02T15:08:43,35.8,42.5868
2026-04-02T15:08:48,35.87,42.5835
2026-04-02T15:08:53,35.63,42.5803
2026-04-02T15:08:58,35.77,42.5771
2026-04-02T15:09:03,35.75,42.5739
2026-04-02T15:09:08,35.06,42.5707
2026-04-02T15:09:13,35.89,42.5675
2026-04-02T15:09:18,35.24,42.5643
2026-04-02T15:09:23,35.27,42.5611
2026-04-02T15:09:28,35.29,42.5578
2026-04-02T15:09:33,35.82,42.5546
2026-04-02T15:09:38,35.87,42.5514
2026-04-02T15:09:43,35.94,42.5482
2026-04-02T15:09:48,35.38,42.545
2026-04-02T15:09:53,35.29,42.5418
2026-04-02T15:09:58,35.79,42.5386
2026-04-02T15:10:03,35.66,42.5353
2026-04-02T15:10:08,35.33,42.5321
2026-04-02T15:10:13,35.31,42.5289
2026-04-02T15:10:18,35.93,42.5257
2026-04-02T15:10:23,35.9,42.5225
2026-04-02T15:10:28,35.05,42.5193
2026-04-02T15:10:33,35.59,42.5161
2026-04-02T15:10:38,35.96,42.5129
2026-04-02T15:10:43,35.55,42.5096
2026-04-02T15:10:48,35.52,42.5064
2026-04-02T15:10:53,35.98,42.5032
2026-04-02T15:10:58,34.96,42.5
2026-04-02T15:11:03,35.9,42.4968
2026-04-02T15:11:08,34.95,42.4936
2026-04-02T15:11:13,35.13,42.4904
2026-04-02T15:11:18,35.15,42.4872
2026-04-02T15:11:23,35.05,42.4839
2026-04-02T15:11:28,35.46,42.4807
2026-04-02T15:11:33,35.75,42.4775
2026-04-02T15:11:38,35.34,42.4743
2026-04-02T15:11:43,35.77,42.4711
2026-04-02T15:11:48,35.21,42.4679
2026-04-02T15:11:53,35.2,42.4647
2026-04-02T15:12:03,35.63,42.4582
2026-04-02T15:12:08,35.74,42.455
2026-04-02T15:12:13,35.63,42.4518
2026-04-02T15:12:18,35.56,42.4486
2026-04-02T15:12:23,35.32,42.4454
2026-04-02T15:12:28,36.03,42.4422
2026-04-02T15:12:33,35.16,42.439
2026-04-02T15:12:38,35.32,42.4357
2026-04-02T15:12:43,35.11,42.4325
2026-04-02T15:12:48,35.74,42.4293
2026-04-02T15:12:53,35.12,42.4261
2026-04-02T15:12:58,36.05,42.4229
2026-04-02T15:13:03,35.34,42.4197
2026-04-02T15:13:08,35.25,42.4165
2026-04-02T15:13:13,35.44,42.4132
2026-04-02T15:13:18,35.99,42.41
2026-04-02T15:13:23,35.83,42.4068
2026-04-02T15:13:28,35.91,42.4036
2026-04-02T15:13:38,35.56,42.3972
2026-04-02T15:13:43,35.54,42.394
2026-04-02T15:13:48,35.85,42.3908
2026-04-02T15:13:53,35.72,42.3875
2026-04-02T15:13:58,35.53,42.3843
2026-04-02T15:14:03,34.99,42.3811
2026-04-02T15:14:08,35.29,42.3779
2026-04-02T15:14:13,36.02,42.3747
2026-04-02T15:14:18,35.52,42.3715
2026-04-02T15:14:23,35.33,42.3683
2026-04-02T15:14:28,35.76,42.365
2026-04-02T15:14:33,35.59,42.3618
2026-04-02T15:14:38,35.76,42.3586
2026-04-02T15:14:43,35.87,42.3554
2026-04-02T15:14:48,35.71,42.3522
2026-04-02T15:14:53,35.99,42.349
2026-04-02T15:14:58,35.52,42.3458
2026-04-02T15:15:03,35.62,42.3426
2026-04-02T15:15:08,35.35,42.3393
2026-04-02T15:15:13,35.87,42.3361
2026-04-02T15:15:18,35.04,42.3329
2026-04-02T15:15:23,35.12,42.3297
2026-04-02T15:15:28,35.19,42.3265
2026-04-02T15:15:33,35.98,42.3233
2026-04-02T15:15:38,35.54,42.3201
2026-04-02T15:15:43,35.85,42.3169
2026-04-02T15:15:48,35.44,42.3136
2026-04-02T15:15:53,35.53,42.3104
2026-04-02T15:16:03,35.54,42.304
2026-04-02T15:16:08,35.67,42.3008
2026-04-02T15:16:13,35.9,42.2976
2026-04-02T15:16:18,35.56,42.2944
2026-04-02T15:16:23,35.72,42.2911
2026-04-02T15:16:33,35.33,42.2847
2026-04-02T15:16:38,35.33,42.2815
2026-04-02T15:16:43,35.14,42.2783
2026-04-02T15:16:48,35.7,42.2751
2026-04-02T15:16:53,35.26,42.2719
2026-04-02T15:16:58,35.24,42.2687
2026-04-02T15:17:03,35.22,42.2654
2026-04-02T15:17:08,35.52,42.2622
2026-04-02T15:17:18,35.05,42.2558
2026-04-02T15:17:23,35.32,42.2526
2026-04-02T15:17:28,36.06,42.2494
2026-04-02T15:17:33,35.43,42.2462
2026-04-02T15:17:38,35.01,42.2429
2026-04-02T15:17:43,35.53,42.2397
2026-04-02T15:17:48,35.74,42.2365
2026-04-02T15:17:53,35.3,42.2333
2026-04-02T15:17:58,35.84,42.2301
2026-04-02T15:18:03,35.82,42.2269
2026-04-02T15:18:08,35.55,42.2237
2026-04-02T15:18:13,35.86,42.2205
2026-04-02T15:18:18,35.51,42.2172
2026-04-02T15:18:23,35.13,42.214
2026-04-02T15:18:28,35.01,42.2108
2026-04-02T15:18:33,35.11,42.2076
2026-04-02T15:18:38,35.77,42.2044
2026-04-02T15:18:43,35.25,42.2012
2026-04-02T15:18:48,35.17,42.198
2026-04-02T15:18:53,35.11,42.1947
2026-04-02T15:18:58,35.71,42.1915
2026-04-02T15:19:03,35.45,42.1883
2026-04-02T15:19:08,35.44,42.1851
2026-04-02T15:19:13,35.6,42.1819
2026-04-02T15:19:18,35.46,42.1787
2026-04-02T15:19:23,35.38,42.1755
2026-04-02T15:19:28,35.15,42.1723
2026-04-02T15:19:33,35.12,42.169
2026-04-02T15:19:38,35.84,42.1658
2026-04-02T15:19:43,35.57,42.1626
2026-04-02T15:19:48,35.8,42.1594
2026-04-02T15:19:53,35.71,42.1562
2026-04-02T15:20:03,35.33,42.1498
2026-04-02T15:20:08,35.48,42.1466
2026-04-02T15:20:13,35.72,42.1433
2026-04-02T15:20:18,35.96,42.1401
2026-04-02T15:20:23,35.2,42.1369
2026-04-02T15:20:28,35.29,42.1337
2026-04-02T15:20:33,35.36,42.1305
2026-04-02T15:20:38,35.69,42.1273
2026-04-02T15:20:43,35.35,42.1241
2026-04-02T15:20:48,35.63,42.1208
2026-04-02T15:20:53,35.74,42.1176
2026-04-02T15:20:58,35.58,42.1144
2026-04-02T15:21:03,35.21,42.1112
2026-04-02T15:21:08,35.28,42.108
2026-04-02T15:21:13,35.38,42.1048
2026-04-02T15:21:18,35.61,42.1016
2026-04-02T15:21:23,35.82,42.0984
2026-04-02T15:21:28,35.42,42.0951
2026-04-02T15:21:33,35.1,42.0919
2026-04-02T15:21:38,35.26,42.0887
2026-04-02T15:21:43,35.56,42.0855
2026-04-02T15:21:48,35.92,42.0823
2026-04-02T15:21:53,35.65,42.0791
2026-04-02T15:21:58,35.07,42.0759
2026-04-02T15:22:03,35.62,42.0726
2026-04-02T15:22:08,35.64,42.0694
2026-04-02T15:22:13,35.31,42.0662
2026-04-02T15:22:18,35.22,42.063
2026-04-02T15:22:28,35.46,42.0566
2026-04-02T15:22:33,35.92,42.0534
2026-04-02T15:22:38,35.01,42.0502
2026-04-02T15:22:43,35.54,42.0469
2026-04-02T15:22:48,35.65,42.0437
2026-04-02T15:22:53,35.16,42.0405
2026-04-02T15:22:58,35.52,42.0373
2026-04-02T15:23:08,35.26,42.0309
2026-04-02T15:23:13,35.84,42.0277
2026-04-02T15:23:23,35.34,42.0212
2026-04-02T15:23:28,35.71,42.018
2026-04-02T15:23:33,35.66,42.0148
2026-04-02T15:23:38,35.95,42.0116
2026-04-02T15:23:43,35.76,42.0084
2026-04-02T15:23:48,35.06,42.0052
2026-04-02T15:23:53,35.88,42.002
2026-04-02T15:24:03,35.29,41.9955
2026-04-02T15:24:08,35.78,41.9923
2026-04-02T15:24:13,35.32,41.9891
2026-04-02T15:24:18,35.5,41.9859
2026-04-02T15:24:23,35.05,41.9827
2026-04-02T15:24:28,35.95,41.9795
2026-04-02T15:24:33,36.05,41.9762
2026-04-02T15:24:38,35.37,41.973
2026-04-02T15:24:43,35.24,41.9698
2026-04-02T15:24:48,35.24,41.9666
2026-04-02T15:24:53,35.75,41.9634
2026-04-02T15:24:58,35.46,41.9602
2026-04-02T15:25:03,35.57,41.957
2026-04-02T15:25:13,35.21,41.9505
2026-04-02T15:25:18,35.79,41.9473
2026-04-02T15:25:23,35.12,41.9441
2026-04-02T15:25:28,35.82,41.9409
2026-04-02T15:25:33,35.6,41.9377
2026-04-02T15:25:38,35.04,41.9345
2026-04-02T15:25:43,35.69,41.9313
2026-04-02T15:25:48,35.76,41.928
2026-04-02T15:25:53,35.56,41.9248
2026-04-02T15:25:58,35.56,41.9216
2026-04-02T15:26:03,35.51,41.9184
2026-04-02T15:26:08,35.55,41.9152
2026-04-02T15:26:13,35.54,41.912
2026-04-02T15:26:18,36.06,41.9088
2026-04-02T15:26:23,35.13,41.9056
2026-04-02T15:26:28,35.33,41.9023
2026-04-02T15:26:33,35.47,41.8991
2026-04-02T15:26:38,36.01,41.8959
2026-04-02T15:26:43,35.52,41.8927
2026-04-02T15:26:48,35.89,41.8895
2026-04-02T15:26:53,35.1,41.8863
2026-04-02T15:26:58,35.45,41.8831
2026-04-02T15:27:03,36.02,41.8799
2026-04-02T15:27:08,35.51,41.8766
2026-04-02T15:27:13,35.89,41.8734
2026-04-02T15:27:18,35.21,41.8702
2026-04-02T15:27:23,35.36,41.867
2026-04-02T15:27:28,35.61,41.8638
2026-04-02T15:27:33,35.63,41.8606
2026-04-02T15:27:38,35.52,41.8574
2026-04-02T15:27:43,35.78,41.8541
2026-04-02T15:27:48,35.74,41.8509
2026-04-02T15:27:53,35.23,41.8477
2026-04-02T15:28:03,35.18,41.8413
2026-04-02T15:28:08,35.6,41.8381
2026-04-02T15:28:13,35.1,41.8349
2026-04-02T15:28:18,35.14,41.8317
2026-04-02T15:28:23,35.17,41.8284
2026-04-02T15:28:28,35.53,41.8252
2026-04-02T15:28:33,35.9,41.822
2026-04-02T15:28:38,35.5,41.8188
2026-04-02T15:28:43,35.13,41.8156
2026-04-02T15:28:48,34.99,41.8124
2026-04-02T15:28:53,35.49,41.8092
2026-04-02T15:28:58,35.5,41.8059
2026-04-02T15:29:03,35.83,41.8027
2026-04-02T15:29:08,35.84,41.7995
2026-04-02T15:29:13,35.74,41.7963
2026-04-02T15:29:18,35.89,41.7931
2026-04-02T15:29:23,35.13,41.7899
2026-04-02T15:29:28,35.52,41.7867
2026-04-02T15:29:38,35.99,41.7802
2026-04-02T15:29:43,35.5,41.777
2026-04-02T15:29:48,35.12,41.7738
2026-04-02T15:29:53,35.73,41.7706
2026-04-02T15:29:58,35.01,41.7674
2026-04-02T15:30:03,35.72,41.7642
2026-04-02T15:30:08,35.45,41.761
2026-04-02T15:30:13,35.66,41.7577
2026-04-02T15:30:18,35.37,41.7545
2026-04-02T15:30:23,35.76,41.7513
2026-04-02T15:30:28,35.26,41.7481
2026-04-02T15:30:33,35.57,41.7449
2026-04-02T15:30:38,35.82,41.7417
2026-04-02T15:30:48,35.55,41.7353
2026-04-02T15:30:53,35.92,41.732
2026-04-02T15:30:58,35.01,41.7288
2026-04-02T15:31:03,35.63,41.7256
2026-04-02T15:31:08,34.96,41.7224
2026-04-02T15:31:13,35.37,41.7192
2026-04-02T15:31:18,35.74,41.716
2026-04-02T15:31:28,35.78,41.7095
2026-04-02T15:31:33,35.87,41.7063
2026-04-02T15:31:38,35.2,41.7031
2026-04-02T15:31:43,35.73,41.6999
2026-04-02T15:31:48,35.78,41.6967
2026-04-02T15:31:53,35.11,41.6935
2026-04-02T15:31:58,35.44,41.6903
2026-04-02T15:32:08,35.34,41.6838
2026-04-02T15:32:18,35.62,41.6774
2026-04-02T15:32:23,36.03,41.6742
2026-04-02T15:32:28,35.34,41.671
2026-04-02T15:32:33,35.44,41.6678
2026-04-02T15:32:38,35.64,41.6646
2026-04-02T15:32:43,35.07,41.6613
2026-04-02T15:32:48,35.11,41.6581
2026-04-02T15:32:53,35.31,41.6549
2026-04-02T15:33:03,35.85,41.6485
2026-04-02T15:33:08,35.78,41.6453
2026-04-02T15:33:13,35.74,41.6421
2026-04-02T15:33:18,35.64,41.6389
2026-04-02T15:33:23,35.51,41.6356
2026-04-02T15:33:28,35.76,41.6324
2026-04-02T15:33:33,35.38,41.6292
2026-04-02T15:33:38,35.22,41.626
2026-04-02T15:33:43,35.9,41.6228
2026-04-02T15:33:48,35.93,41.6196
2026-04-02T15:33:53,35.43,41.6164
2026-04-02T15:33:58,35.74,41.6131
2026-04-02T15:34:03,35.92,41.6099
2026-04-02T15:34:08,35.29,41.6067
2026-04-02T15:34:13,35.79,41.6035
2026-04-02T15:34:18,35.03,41.6003
2026-04-02T15:34:23,35.08,41.5971
2026-04-02T15:34:28,35.36,41.5939
2026-04-02T15:34:33,35.35,41.5907
2026-04-02T15:34:38,35.76,41.5874
2026-04-02T15:34:43,35.41,41.5842
2026-04-02T15:34:48,35.7,41.581
2026-04-02T15:34:53,35.62,41.5778
2026-04-02T15:34:58,35.7,41.5746
2026-04-02T15:35:03,35.53,41.5714
2026-04-02T15:35:08,35.76,41.5682
2026-04-02T15:35:13,35.42,41.5649
2026-04-02T15:35:18,35.87,41.5617
2026-04-02T15:35:23,35.41,41.5585
2026-04-02T15:35:28,35.08,41.5553
2026-04-02T15:35:33,35.72,41.5521
2026-04-02T15:35:38,35.73,41.5489
2026-04-02T15:35:43,34.94,41.5457
2026-04-02T15:35:48,35.91,41.5425
2026-04-02T15:35:53,35.44,41.5392
2026-04-02T15:35:58,35.46,41.536
2026-04-02T15:36:03,35.89,41.5328
2026-04-02T15:36:08,35.25,41.5296
2026-04-02T15:36:13,35.87,41.5264
2026-04-02T15:36:18,35.48,41.5232
2026-04-02T15:36:28,35.83,41.5167
2026-04-02T15:36:33,35.44,41.5135
2026-04-02T15:36:38,35.84,41.5103
2026-04-02T15:36:43,35.4,41.5071
2026-04-02T15:36:48,35.56,41.5039
2026-04-02T15:36:53,35.55,41.5007
2026-04-02T15:36:58,35.68,41.4975
2026-04-02T15:37:03,35.66,41.4943
2026-04-02T15:37:08,35.25,41.491
2026-04-02T15:37:13,35.71,41.4878
2026-04-02T15:37:23,35.93,41.4814
2026-04-02T15:37:28,35.74,41.4782
2026-04-02T15:37:33,35.3,41.475
2026-04-02T15:37:38,35.4,41.4718
2026-04-02T15:37:43,35.32,41.4685
2026-04-02T15:37:48,34.93,41.4653
2026-04-02T15:37:53,35.69,41.4621
2026-04-02T15:37:58,35.35,41.4589
2026-04-02T15:38:03,35.02,41.4557
2026-04-02T15:38:08,35.28,41.4525
2026-04-02T15:38:13,35.62,41.4493
2026-04-02T15:38:18,35.07,41.4461
2026-04-02T15:38:23,35.61,41.4428
2026-04-02T15:38:28,35.33,41.4396
2026-04-02T15:38:33,35.39,41.4364
2026-04-02T15:38:38,35.67,41.4332
2026-04-02T15:38:43,35.33,41.43
2026-04-02T15:38:48,35.34,41.4268
2026-04-02T15:38:53,35.54,41.4236
2026-04-02T15:38:58,35.17,41.4203
2026-04-02T15:39:08,35.64,41.4139
2026-04-02T15:39:13,35.59,41.4107
2026-04-02T15:39:18,35.88,41.4075
2026-04-02T15:39:23,35.37,41.4043
2026-04-02T15:39:28,35.38,41.4011
2026-04-02T15:39:33,35.83,41.3979
2026-04-02T15:39:38,35.42,41.3946
2026-04-02T15:39:43,35.53,41.3914
2026-04-02T15:39:48,35.53,41.3882
2026-04-02T15:39:58,35.05,41.3818
2026-04-02T15:40:03,35.69,41.3786
2026-04-02T15:40:08,35.41,41.3754
2026-04-02T15:40:13,35.59,41.3721
2026-04-02T15:40:18,35.05,41.3689
2026-04-02T15:40:23,35.79,41.3657
2026-04-02T15:40:33,35.24,41.3593
2026-04-02T15:40:38,35.5,41.3561
2026-04-02T15:40:43,35.49,41.3529
2026-04-02T15:40:53,35.52,41.3464
2026-04-02T15:40:58,35.76,41.3432
2026-04-02T15:41:03,35.95,41.34
2026-04-02T15:41:08,35.35,41.3368
2026-04-02T15:41:13,35.91,41.3336
2026-04-02T15:41:18,36.03,41.3304
2026-04-02T15:41:23,35.22,41.3272
2026-04-02T15:41:28,35.2,41.3239
2026-04-02T15:41:33,35.4,41.3207
2026-04-02T15:41:38,35.19,41.3175
2026-04-02T15:41:43,35.35,41.3143
2026-04-02T15:41:48,35.59,41.3111
2026-04-02T15:41:53,35.66,41.3079
2026-04-02T15:42:03,35.33,41.3015
2026-04-02T15:42:13,35.22,41.295
2026-04-02T15:42:18,35.72,41.2918
2026-04-02T15:42:23,35.64,41.2886
2026-04-02T15:42:33,35.23,41.2822
2026-04-02T15:42:38,35.36,41.279
2026-04-02T15:42:43,35.1,41.2757
2026-04-02T15:42:48,35.24,41.2725
2026-04-02T15:42:58,35.02,41.2661
2026-04-02T15:43:03,35.5,41.2629
2026-04-02T15:43:13,35.87,41.2565
2026-04-02T15:43:18,35.91,41.2533
2026-04-02T15:43:23,35.11,41.25
2026-04-02T15:43:28,35.81,41.2468
2026-04-02T15:43:33,35.72,41.2436
2026-04-02T15:43:38,35.66,41.2404
2026-04-02T15:43:43,35.85,41.2372
2026-04-02T15:43:48,35.1,41.234
2026-04-02T15:43:58,35.16,41.2275
2026-04-02T15:44:03,35.5,41.2243
2026-04-02T15:44:08,35.13,41.2211
2026-04-02T15:44:18,35.97,41.2147
2026-04-02T15:44:23,36.02,41.2115
2026-04-02T15:44:28,35.54,41.2083
2026-04-02T15:44:33,35.05,41.2051
2026-04-02T15:44:38,35.81,41.2018
2026-04-02T15:44:43,35.2,41.1986
2026-04-02T15:44:48,35.8,41.1954
2026-04-02T15:44:53,35.85,41.1922
2026-04-02T15:44:58,35.96,41.189
2026-04-02T15:45:03,35.42,41.1858
2026-04-02T15:45:08,35.07,41.1826
2026-04-02T15:45:13,35.7,41.1793
2026-04-02T15:45:18,35.17,41.1761
2026-04-02T15:45:23,35.26,41.1729
2026-04-02T15:45:28,35.37,41.1697
2026-04-02T15:45:33,35.76,41.1665
2026-04-02T15:45:38,35.29,41.1633
2026-04-02T15:45:43,35.79,41.1601
2026-04-02T15:45:48,34.96,41.1568
2026-04-02T15:45:53,35.46,41.1536
2026-04-02T15:45:58,35.08,41.1504
2026-04-02T15:46:03,36.05,41.1472
2026-04-02T15:46:08,35.81,41.144
2026-04-02T15:46:13,35.12,41.1408
2026-04-02T15:46:18,35.09,41.1376
2026-04-02T15:46:23,35.08,41.1344
2026-04-02T15:46:28,35.35,41.1311
2026-04-02T15:46:38,35.31,41.1247
2026-04-02T15:46:43,35.36,41.1215
2026-04-02T15:46:48,35.21,41.1183
2026-04-02T15:46:53,35.26,41.1151
2026-04-02T15:46:58,35.64,41.1119
2026-04-02T15:47:03,35.5,41.1086
2026-04-02T15:47:08,35.4,41.1054
2026-04-02T15:47:13,35.54,41.1022
2026-04-02T15:47:18,35.39,41.099
2026-04-02T15:47:23,35.33,41.0958
2026-04-02T15:47:28,35.3,41.0926
2026-04-02T15:47:38,35.81,41.0862
2026-04-02T15:47:43,35.89,41.0829
2026-04-02T15:47:53,34.96,41.0765
2026-04-02T15:47:58,35.82,41.0733
2026-04-02T15:48:03,35.6,41.0701
2026-04-02T15:48:08,35.85,41.0669
2026-04-02T15:48:13,35.82,41.0637
2026-04-02T15:48:18,35.51,41.0604
2026-04-02T15:48:23,35.57,41.0572
2026-04-02T15:48:28,35.41,41.054
2026-04-02T15:48:33,35.57,41.0508
2026-04-02T15:48:38,35.59,41.0476
2026-04-02T15:48:43,35.09,41.0444
2026-04-02T15:48:48,35.72,41.0412
2026-04-02T15:48:53,35.22,41.038
2026-04-02T15:48:58,35.54,41.0347
2026-04-02T15:49:08,35.77,41.0283
2026-04-02T15:49:13,35.52,41.0251
2026-04-02T15:49:18,35.91,41.0219
2026-04-02T15:49:23,34.99,41.0187
2026-04-02T15:49:28,35.48,41.0155
2026-04-02T15:49:33,35.23,41.0122
2026-04-02T15:49:38,36.04,41.009
2026-04-02T15:49:43,35.14,41.0058
2026-04-02T15:49:48,35.53,41.0026
2026-04-02T15:49:53,35.54,40.9994
2026-04-02T15:49:58,35.34,40.9962
2026-04-02T15:50:03,35.52,40.993
2026-04-02T15:50:13,35.46,40.9865
2026-04-02T15:50:23,35.26,40.9801
2026-04-02T15:50:28,35.66,40.9769
2026-04-02T15:50:33,36.03,40.9737
2026-04-02T15:50:38,34.91,40.9705
2026-04-02T15:50:43,35.19,40.9673
2026-04-02T15:50:48,35.22,40.964
2026-04-02T15:50:53,35.76,40.9608
2026-04-02T15:50:58,35.45,40.9576
2026-04-02T15:51:03,35.03,40.9544
2026-04-02T15:51:13,35.2,40.948
2026-04-02T15:51:18,35.56,40.9448
2026-04-02T15:51:23,35.73,40.9415
2026-04-02T15:51:28,35.41,40.9383
2026-04-02T15:51:33,35.11,40.9351
2026-04-02T15:51:38,35.77,40.9319
2026-04-02T15:51:43,35.31,40.9287
2026-04-02T15:51:48,35.3,40.9255
2026-04-02T15:51:53,35.15,40.9223
2026-04-02T15:51:58,36.03,40.9191
2026-04-02T15:52:03,35.66,40.9158
2026-04-02T15:52:08,35.39,40.9126
2026-04-02T15:52:13,35.17,40.9094
2026-04-02T15:52:18,35.49,40.9062
2026-04-02T15:52:23,35.08,40.903
2026-04-02T15:52:28,35.38,40.8998
2026-04-02T15:52:33,35.66,40.8966
2026-04-02T15:52:38,35.0,40.8933
2026-04-02T15:52:43,35.87,40.8901
2026-04-02T15:52:48,35.84,40.8869
2026-04-02T15:52:53,35.59,40.8837
2026-04-02T15:52:58,35.96,40.8805
2026-04-02T15:53:03,35.69,40.8773
2026-04-02T15:53:08,35.82,40.8741
2026-04-02T15:53:13,35.46,40.8709
2026-04-02T15:53:18,35.28,40.8676
2026-04-02T15:53:23,35.65,40.8644
2026-04-02T15:53:33,35.55,40.858
2026-04-02T15:53:38,35.49,40.8548
2026-04-02T15:53:43,36.0,40.8516
2026-04-02T15:53:48,35.31,40.8484
2026-04-02T15:53:53,35.17,40.8451
2026-04-02T15:53:58,35.32,40.8419
2026-04-02T15:54:03,35.08,40.8387
2026-04-02T15:54:08,35.61,40.8355
2026-04-02T15:54:13,35.65,40.8323
2026-04-02T15:54:18,35.97,40.8291
2026-04-02T15:54:23,35.88,40.8259
2026-04-02T15:54:33,35.85,40.8194
2026-04-02T15:54:38,35.67,40.8162
2026-04-02T15:54:43,35.45,40.813
2026-04-02T15:54:48,35.89,40.8098
2026-04-02T15:54:53,35.06,40.8066
2026-04-02T15:54:58,35.43,40.8034
2026-04-02T15:55:03,35.83,40.8002
2026-04-02T15:55:13,35.84,40.7937
2026-04-02T15:55:18,35.55,40.7905
2026-04-02T15:55:23,35.24,40.7873
2026-04-02T15:55:28,35.71,40.7841
2026-04-02T15:55:33,35.63,40.7809
2026-04-02T15:55:43,35.24,40.7744
2026-04-02T15:55:53,35.17,40.768
2026-04-02T15:55:58,35.59,40.7648
2026-04-02T15:56:03,35.56,40.7616
2026-04-02T15:56:08,34.95,40.7584
2026-04-02T15:56:13,35.49,40.7552
2026-04-02T15:56:18,35.94,40.752
2026-04-02T15:56:23,35.61,40.7487
2026-04-02T15:56:28,35.27,40.7455
2026-04-02T15:56:33,35.21,40.7423
2026-04-02T15:56:38,35.4,40.7391
2026-04-02T15:56:43,35.03,40.7359
2026-04-02T15:56:48,35.72,40.7327
2026-04-02T15:56:53,35.73,40.7295
2026-04-02T15:56:58,35.84,40.7262
2026-04-02T15:57:03,35.32,40.723
2026-04-02T15:57:08,35.45,40.7198
2026-04-02T15:57:13,35.89,40.7166
2026-04-02T15:57:23,35.07,40.7102
2026-04-02T15:57:28,35.81,40.707
2026-04-02T15:57:33,35.5,40.7037
2026-04-02T15:57:38,35.24,40.7005
2026-04-02T15:57:43,35.82,40.6973
2026-04-02T15:57:48,35.85,40.6941
2026-04-02T15:57:53,35.91,40.6909
2026-04-02T15:57:58,35.94,40.6877
2026-04-02T15:58:03,35.26,40.6845
2026-04-02T15:58:08,35.68,40.6813
2026-04-02T15:58:13,35.45,40.678
2026-04-02T15:58:18,35.45,40.6748
2026-04-02T15:58:23,34.95,40.6716
2026-04-02T15:58:28,35.73,40.6684
2026-04-02T15:58:38,35.79,40.662
2026-04-02T15:58:48,35.7,40.6555
2026-04-02T15:58:53,35.4,40.6523
2026-04-02T15:58:58,35.99,40.6491
2026-04-02T15:59:03,35.24,40.6459
2026-04-02T15:59:08,35.68,40.6427
2026-04-02T15:59:13,35.28,40.6395
2026-04-02T15:59:18,35.39,40.6363
2026-04-02T15:59:28,35.3,40.6298
2026-04-02T15:59:38,35.46,40.6234
2026-04-02T15:59:43,35.51,40.6202
2026-04-02T15:59:48,35.86,40.617
2026-04-02T15:59:53,35.71,40.6138
2026-04-02T16:00:03,35.05,40.6073
2026-04-02T16:00:08,35.3,40.6041
2026-04-02T16:00:13,35.38,40.6009
2026-04-02T16:00:18,35.92,40.5977
2026-04-02T16:00:23,35.71,40.5945
2026-04-02T16:00:28,35.86,40.5913
2026-04-02T16:00:33,35.53,40.5881
2026-04-02T16:00:43,35.52,40.5816
2026-04-02T16:00:53,35.97,40.5752
2026-04-02T16:00:58,35.95,40.572
2026-04-02T16:01:03,35.13,40.5688
2026-04-02T16:01:13,35.46,40.5624
2026-04-02T16:01:18,35.76,40.5591
2026-04-02T16:01:23,35.22,40.5559
2026-04-02T16:01:28,35.84,40.5527
2026-04-02T16:01:33,35.98,40.5495
2026-04-02T16:01:38,35.82,40.5463
2026-04-02T16:01:43,35.54,40.5431
2026-04-02T16:01:48,35.67,40.5399
2026-04-02T16:01:53,35.68,40.5366
2026-04-02T16:01:58,35.68,40.5334
2026-04-02T16:02:03,35.27,40.5302
2026-04-02T16:02:08,35.88,40.527
2026-04-02T16:02:13,35.05,40.5238
2026-04-02T16:02:18,35.75,40.5206
2026-04-02T16:02:23,35.87,40.5174
2026-04-02T16:02:28,35.81,40.5141
2026-04-02T16:02:33,35.4,40.5109
2026-04-02T16:02:38,35.38,40.5077
2026-04-02T16:02:43,35.61,40.5045
2026-04-02T16:02:48,35.4,40.5013
2026-04-02T16:02:53,35.61,40.4981
2026-04-02T16:02:58,35.28,40.4949
2026-04-02T16:03:03,35.19,40.4917
2026-04-02T16:03:08,35.84,40.4884
2026-04-02T16:03:13,35.33,40.4852
2026-04-02T16:03:18,35.69,40.482
2026-04-02T16:03:23,35.78,40.4788
2026-04-02T16:03:28,35.38,40.4756
2026-04-02T16:03:33,35.48,40.4724
2026-04-02T16:03:38,35.61,40.4692
2026-04-02T16:03:43,35.27,40.4659
2026-04-02T16:03:48,35.59,40.4627
2026-04-02T16:03:53,35.57,40.4595
2026-04-02T16:03:58,35.41,40.4563
2026-04-02T16:04:03,35.54,40.4531
2026-04-02T16:04:08,35.97,40.4499
2026-04-02T16:04:13,35.72,40.4467
2026-04-02T16:04:18,35.83,40.4434
2026-04-02T16:04:23,35.73,40.4402
2026-04-02T16:04:28,35.86,40.437
2026-04-02T16:04:33,35.76,40.4338
2026-04-02T16:04:38,35.66,40.4306
2026-04-02T16:04:43,34.94,40.4274
2026-04-02T16:04:48,35.09,40.4242
2026-04-02T16:04:53,36.06,40.421
2026-04-02T16:04:58,35.63,40.4177
2026-04-02T16:05:03,35.63,40.4145
2026-04-02T16:05:08,35.09,40.4113
2026-04-02T16:05:13,35.88,40.4081
2026-04-02T16:05:18,35.35,40.4049
2026-04-02T16:05:23,35.35,40.4017
2026-04-02T16:05:28,35.74,40.3985
2026-04-02T16:05:33,35.17,40.3952
2026-04-02T16:05:38,35.73,40.392
2026-04-02T16:05:43,35.54,40.3888
2026-04-02T16:05:48,35.46,40.3856
2026-04-02T16:05:53,35.18,40.3824
2026-04-02T16:05:58,35.67,40.3792
2026-04-02T16:06:08,35.89,40.3727
2026-04-02T16:06:13,35.82,40.3695
2026-04-02T16:06:18,35.78,40.3663
2026-04-02T16:06:23,35.06,40.3631
2026-04-02T16:06:28,35.52,40.3599
2026-04-02T16:06:33,35.43,40.3567
2026-04-02T16:06:38,35.71,40.3535
2026-04-02T16:06:48,35.73,40.347
2026-04-02T16:06:53,35.51,40.3438
2026-04-02T16:06:58,35.46,40.3406
2026-04-02T16:07:03,35.45,40.3374
2026-04-02T16:07:08,35.35,40.3342
2026-04-02T16:07:13,35.47,40.331
2026-04-02T16:07:18,35.71,40.3278
2026-04-02T16:07:23,35.53,40.3245
2026-04-02T16:07:28,35.24,40.3213
2026-04-02T16:07:33,35.86,40.3181
2026-04-02T16:07:38,35.97,40.3149
2026-04-02T16:07:43,35.62,40.3117
2026-04-02T16:07:48,35.71,40.3085
2026-04-02T16:07:53,35.41,40.3053
2026-04-02T16:07:58,35.6,40.302
2026-04-02T16:08:03,35.94,40.2988
2026-04-02T16:08:08,35.32,40.2956
2026-04-02T16:08:13,36.06,40.2924
2026-04-02T16:08:18,35.71,40.2892
2026-04-02T16:08:28,35.37,40.2828
2026-04-02T16:08:33,35.8,40.2796
2026-04-02T16:08:38,35.54,40.2763
2026-04-02T16:08:43,35.48,40.2731
2026-04-02T16:08:48,35.24,40.2699
2026-04-02T16:08:53,35.53,40.2667
2026-04-02T16:08:58,35.99,40.2635
2026-04-02T16:09:08,35.09,40.2571
2026-04-02T16:09:13,35.29,40.2538
2026-04-02T16:09:18,35.04,40.2506
2026-04-02T16:09:23,35.36,40.2474
2026-04-02T16:09:28,35.81,40.2442
2026-04-02T16:09:33,35.22,40.241
2026-04-02T16:09:38,35.82,40.2378
2026-04-02T16:09:43,35.37,40.2346
2026-04-02T16:09:48,35.2,40.2313
2026-04-02T16:09:53,35.5,40.2281
2026-04-02T16:09:58,34.92,40.2249
2026-04-02T16:10:03,35.06,40.2217
2026-04-02T16:10:08,35.86,40.2185
2026-04-02T16:10:13,35.98,40.2153
2026-04-02T16:10:18,35.83,40.2121
2026-04-02T16:10:23,35.34,40.2089
2026-04-02T16:10:33,35.43,40.2024
2026-04-02T16:10:38,35.98,40.1992
2026-04-02T16:10:43,35.02,40.196
2026-04-02T16:10:48,35.28,40.1928
2026-04-02T16:10:53,35.56,40.1896
2026-04-02T16:10:58,35.86,40.1864
2026-04-02T16:11:03,35.84,40.1831
2026-04-02T16:11:08,36.01,40.1799
2026-04-02T16:11:13,35.51,40.1767
2026-04-02T16:11:18,35.87,40.1735
2026-04-02T16:11:23,36.06,40.1703
2026-04-02T16:11:33,35.49,40.1639
2026-04-02T16:11:38,35.74,40.1606
2026-04-02T16:11:43,35.82,40.1574
2026-04-02T16:11:48,35.89,40.1542
2026-04-02T16:11:53,35.53,40.151
2026-04-02T16:12:03,35.87,40.1446
2026-04-02T16:12:08,35.15,40.1414
2026-04-02T16:12:13,35.65,40.1381
2026-04-02T16:12:18,35.24,40.1349
2026-04-02T16:12:23,35.32,40.1317
2026-04-02T16:12:33,35.8,40.1253
2026-04-02T16:12:38,35.48,40.1221
2026-04-02T16:12:43,35.89,40.1189
2026-04-02T16:12:48,35.31,40.1157
2026-04-02T16:12:53,35.23,40.1124
2026-04-02T16:12:58,35.16,40.1092
2026-04-02T16:13:03,35.33,40.106
2026-04-02T16:13:08,35.19,40.1028
2026-04-02T16:13:13,34.92,40.0996
2026-04-02T16:13:18,35.97,40.0964
2026-04-02T16:13:23,35.83,40.0932
2026-04-02T16:13:28,35.49,40.0899
2026-04-02T16:13:33,35.01,40.0867
2026-04-02T16:13:38,35.42,40.0835
2026-04-02T16:13:43,35.21,40.0803
2026-04-02T16:13:58,35.42,40.0707
2026-04-02T16:14:03,35.36,40.0674
2026-04-02T16:14:08,35.28,40.0642
2026-04-02T16:14:13,35.8,40.061
2026-04-02T16:14:18,35.68,40.0578
2026-04-02T16:14:23,35.12,40.0546
2026-04-02T16:14:28,35.16,40.0514
2026-04-02T16:14:33,35.16,40.0482
2026-04-02T16:14:38,35.37,40.0449
2026-04-02T16:14:43,35.46,40.0417
2026-04-02T16:14:48,35.24,40.0385
2026-04-02T16:14:53,35.12,40.0353
2026-04-02T16:14:58,35.2,40.0321
2026-04-02T16:15:03,35.43,40.0289
2026-04-02T16:15:08,35.31,40.0257
2026-04-02T16:15:13,35.31,40.0225
2026-04-02T16:15:18,35.39,40.0192
2026-04-02T16:15:23,35.33,40.016
2026-04-02T16:15:28,35.08,40.0128
2026-04-02T16:15:33,35.73,40.0096
2026-04-02T16:15:38,35.96,40.0064
2026-04-02T16:15:43,35.84,40.0032
2026-04-02T16:15:48,35.21,40.0
2026-04-02T16:15:58,35.61,39.9935
2026-04-02T16:16:03,35.97,39.9903
2026-04-02T16:16:13,35.69,39.9839
2026-04-02T16:16:18,35.08,39.9807
2026-04-02T16:16:23,35.2,39.9775
2026-04-02T16:16:28,35.95,39.9742
2026-04-02T16:16:33,35.34,39.971
2026-04-02T16:16:38,35.53,39.9678
2026-04-02T16:16:43,35.21,39.9646
2026-04-02T16:16:48,35.77,39.9614
2026-04-02T16:16:53,35.39,39.9582
2026-04-02T16:16:58,35.76,39.955
2026-04-02T16:17:08,35.36,39.9485
2026-04-02T16:17:13,35.84,39.9453
2026-04-02T16:17:18,35.84,39.9421
2026-04-02T16:17:23,35.7,39.9389
2026-04-02T16:17:28,35.72,39.9357
2026-04-02T16:17:38,35.7,39.9293
2026-04-02T16:17:43,35.3,39.926
2026-04-02T16:17:48,35.72,39.9228
2026-04-02T16:17:53,35.09,39.9196
2026-04-02T16:18:03,35.45,39.9132
2026-04-02T16:18:08,35.37,39.91
2026-04-02T16:18:13,35.34,39.9068
2026-04-02T16:18:18,35.79,39.9035
2026-04-02T16:18:28,35.84,39.8971
2026-04-02T16:18:33,35.55,39.8939
2026-04-02T16:18:38,35.51,39.8907
2026-04-02T16:18:43,35.75,39.8875
2026-04-02T16:18:48,35.94,39.8843
2026-04-02T16:18:53,35.92,39.881
2026-04-02T16:18:58,35.31,39.8778
2026-04-02T16:19:03,35.4,39.8746
2026-04-02T16:19:08,35.95,39.8714
2026-04-02T16:19:18,35.5,39.865
2026-04-02T16:19:23,35.18,39.8618
2026-04-02T16:19:28,35.54,39.8585
2026-04-02T16:19:33,35.01,39.8553
2026-04-02T16:19:38,35.93,39.8521
2026-04-02T16:19:48,35.7,39.8457
2026-04-02T16:19:53,35.69,39.8425
2026-04-02T16:19:58,35.86,39.8393
2026-04-02T16:20:03,35.8,39.8361
2026-04-02T16:20:08,35.71,39.8328
2026-04-02T16:20:13,35.14,39.8296
2026-04-02T16:20:18,35.42,39.8264
2026-04-02T16:20:28,35.2,39.82
2026-04-02T16:20:33,35.3,39.8168
2026-04-02T16:20:38,35.55,39.8136
2026-04-02T16:20:43,35.91,39.8103
2026-04-02T16:20:48,35.49,39.8071
2026-04-02T16:20:53,35.98,39.8039
2026-04-02T16:20:58,35.37,39.8007
2026-04-02T16:21:03,35.81,39.7975
2026-04-02T16:21:08,35.04,39.7943
2026-04-02T16:21:13,35.05,39.7911
2026-04-02T16:21:18,35.45,39.7878
2026-04-02T16:21:23,35.25,39.7846
2026-04-02T16:21:28,35.79,39.7814
2026-04-02T16:21:33,35.85,39.7782
2026-04-02T16:21:38,35.29,39.775
2026-04-02T16:21:43,35.8,39.7718
2026-04-02T16:21:48,35.51,39.7686
2026-04-02T16:21:53,35.28,39.7653
2026-04-02T16:21:58,35.31,39.7621
2026-04-02T16:22:08,35.9,39.7557
2026-04-02T16:22:18,35.28,39.7493
2026-04-02T16:22:28,35.13,39.7428
2026-04-02T16:22:33,35.92,39.7396
2026-04-02T16:22:38,35.15,39.7364
2026-04-02T16:22:43,35.28,39.7332
2026-04-02T16:22:48,35.74,39.73
2026-04-02T16:22:53,35.25,39.7268
2026-04-02T16:22:58,35.06,39.7236
2026-04-02T16:23:03,35.84,39.7204
2026-04-02T16:23:08,35.25,39.7171
2026-04-02T16:23:13,35.5,39.7139
2026-04-02T16:23:18,35.8,39.7107
2026-04-02T16:23:23,35.67,39.7075
2026-04-02T16:23:28,35.15,39.7043
2026-04-02T16:23:33,35.8,39.7011
2026-04-02T16:23:38,35.89,39.6979
2026-04-02T16:23:43,35.79,39.6946
2026-04-02T16:23:48,35.08,39.6914
2026-04-02T16:23:53,35.68,39.6882
2026-04-02T16:23:58,35.28,39.685
2026-04-02T16:24:03,36.0,39.6818
2026-04-02T16:24:08,35.13,39.6786
2026-04-02T16:24:13,34.99,39.6754
2026-04-02T16:24:18,36.04,39.6721
2026-04-02T16:24:23,35.03,39.6689
2026-04-02T16:24:38,35.23,39.6593
2026-04-02T16:24:43,35.06,39.6561
2026-04-02T16:24:48,34.98,39.6529
2026-04-02T16:24:53,35.83,39.6496
2026-04-02T16:25:13,35.12,39.6368
2026-04-02T16:25:18,35.96,39.6336
2026-04-02T16:25:23,35.21,39.6304
2026-04-02T16:25:28,35.98,39.6271
2026-04-02T16:25:33,35.61,39.6239
2026-04-02T16:25:38,35.81,39.6207
2026-04-02T16:25:48,35.72,39.6143
2026-04-02T16:25:53,35.59,39.6111
2026-04-02T16:25:58,35.25,39.6079
2026-04-02T16:26:08,35.31,39.6014
2026-04-02T16:26:13,35.55,39.5982
2026-04-02T16:26:18,35.99,39.595
2026-04-02T16:26:28,35.09,39.5886
2026-04-02T16:26:33,35.14,39.5854
2026-04-02T16:26:38,35.74,39.5822
2026-04-02T16:26:43,35.3,39.5789
2026-04-02T16:26:48,35.6,39.5757
2026-04-02T16:26:53,35.59,39.5725
2026-04-02T16:26:58,36.0,39.5693
2026-04-02T16:27:03,35.3,39.5661
2026-04-02T16:27:08,35.38,39.5629
2026-04-02T16:27:13,35.07,39.5597
2026-04-02T16:27:18,35.03,39.5564
2026-04-02T16:27:23,35.19,39.5532
2026-04-02T16:27:33,35.81,39.5468
2026-04-02T16:27:38,35.62,39.5436
2026-04-02T16:27:43,35.9,39.5404
2026-04-02T16:27:53,35.41,39.5339
2026-04-02T16:28:03,35.67,39.5275
2026-04-02T16:28:08,35.75,39.5243
2026-04-02T16:28:13,35.72,39.5211
2026-04-02T16:28:18,35.51,39.5179
2026-04-02T16:28:23,35.03,39.5147
2026-04-02T16:28:28,35.03,39.5114
2026-04-02T16:28:33,35.61,39.5082
2026-04-02T16:28:43,35.28,39.5018
2026-04-02T16:28:58,35.01,39.4922
2026-04-02T16:29:03,35.55,39.4889
2026-04-02T16:29:08,35.97,39.4857
2026-04-02T16:29:13,35.29,39.4825
2026-04-02T16:29:18,35.27,39.4793
2026-04-02T16:29:23,35.85,39.4761
2026-04-02T16:29:28,35.29,39.4729
2026-04-02T16:29:33,35.29,39.4697
2026-04-02T16:29:38,35.6,39.4664
2026-04-02T16:29:43,35.82,39.4632
2026-04-02T16:29:48,35.37,39.46
2026-04-02T16:29:53,35.61,39.4568
2026-04-02T16:29:58,35.14,39.4536
2026-04-02T16:30:03,35.94,39.4504
2026-04-02T16:30:08,35.05,39.4472
2026-04-02T16:30:13,35.28,39.4439
2026-04-02T16:30:18,35.49,39.4407
2026-04-02T16:30:23,35.68,39.4375
2026-04-02T16:30:28,35.17,39.4343
2026-04-02T16:30:33,35.85,39.4311
2026-04-02T16:30:38,35.24,39.4279
2026-04-02T16:30:43,35.71,39.4247
2026-04-02T16:30:48,35.44,39.4215
2026-04-02T16:30:53,35.36,39.4182
2026-04-02T16:30:58,35.66,39.415
2026-04-02T16:31:03,35.6,39.4118
2026-04-02T16:31:08,35.21,39.4086
2026-04-02T16:31:13,36.01,39.4054
2026-04-02T16:31:18,35.68,39.4022
2026-04-02T16:31:23,35.07,39.399
2026-04-02T16:31:28,35.66,39.3957
2026-04-02T16:31:33,35.15,39.3925
2026-04-02T16:31:38,35.71,39.3893
2026-04-02T16:31:43,35.98,39.3861
2026-04-02T16:31:48,35.26,39.3829
2026-04-02T16:31:58,35.17,39.3765
2026-04-02T16:32:03,35.8,39.3732
2026-04-02T16:32:08,35.69,39.37
2026-04-02T16:32:13,35.91,39.3668
2026-04-02T16:32:18,35.07,39.3636
2026-04-02T16:32:23,35.88,39.3604
2026-04-02T16:32:28,35.33,39.3572
2026-04-02T16:32:33,35.21,39.354
2026-04-02T16:32:38,35.23,39.3507
2026-04-02T16:32:53,35.99,39.3411
2026-04-02T16:32:58,35.34,39.3379
2026-04-02T16:33:03,35.37,39.3347
2026-04-02T16:33:08,35.7,39.3315
2026-04-02T16:33:13,35.48,39.3282
2026-04-02T16:33:18,35.73,39.325
2026-04-02T16:33:23,35.86,39.3218
2026-04-02T16:33:28,35.52,39.3186
2026-04-02T16:33:33,35.42,39.3154
2026-04-02T16:33:38,35.39,39.3122
2026-04-02T16:33:53,35.54,39.3025
2026-04-02T16:33:58,35.67,39.2993
2026-04-02T16:34:03,35.61,39.2961
2026-04-02T16:34:08,35.82,39.2929
2026-04-02T16:34:13,35.41,39.2897
2026-04-02T16:34:18,35.68,39.2865
2026-04-02T16:34:23,35.19,39.2832
2026-04-02T16:34:28,35.1,39.28
2026-04-02T16:34:33,35.06,39.2768
2026-04-02T16:34:43,35.89,39.2704
2026-04-02T16:34:48,35.88,39.2672
2026-04-02T16:34:53,35.63,39.264
2026-04-02T16:34:58,35.71,39.2607
2026-04-02T16:35:03,35.26,39.2575
2026-04-02T16:35:08,35.75,39.2543
2026-04-02T16:35:13,35.06,39.2511
2026-04-02T16:35:18,34.93,39.2479
2026-04-02T16:35:23,35.7,39.2447
2026-04-02T16:35:28,35.76,39.2415
2026-04-02T16:35:33,35.37,39.2382
2026-04-02T16:35:38,35.92,39.235
2026-04-02T16:35:48,35.97,39.2286
2026-04-02T16:35:53,35.72,39.2254
2026-04-02T16:35:58,35.44,39.2222
2026-04-02T16:36:03,35.33,39.219
2026-04-02T16:36:08,35.23,39.2157
2026-04-02T16:36:13,35.02,39.2125
2026-04-02T16:36:23,35.14,39.2061
2026-04-02T16:36:28,35.88,39.2029
2026-04-02T16:36:33,35.22,39.1997
2026-04-02T16:36:38,35.83,39.1965
2026-04-02T16:36:43,35.67,39.1932
2026-04-02T16:36:48,35.58,39.19
2026-04-02T16:36:53,35.6,39.1868
2026-04-02T16:36:58,35.78,39.1836
2026-04-02T16:37:03,35.87,39.1804
2026-04-02T16:37:08,35.87,39.1772
2026-04-02T16:37:13,35.84,39.174
2026-04-02T16:37:18,35.94,39.1707
2026-04-02T16:37:23,35.81,39.1675
2026-04-02T16:37:33,35.64,39.1611
2026-04-02T16:37:38,35.08,39.1579
2026-04-02T16:37:43,35.52,39.1547
2026-04-02T16:37:53,35.13,39.1482
2026-04-02T16:37:58,35.09,39.145
2026-04-02T16:38:03,35.1,39.1418
2026-04-02T16:38:08,35.87,39.1386
2026-04-02T16:38:13,35.37,39.1354
2026-04-02T16:38:18,35.65,39.1322
2026-04-02T16:38:23,35.63,39.129
2026-04-02T16:38:33,35.06,39.1225
2026-04-02T16:38:38,35.93,39.1193
2026-04-02T16:38:43,35.41,39.1161
2026-04-02T16:38:48,35.14,39.1129
2026-04-02T16:38:53,35.64,39.1097
2026-04-02T16:38:58,35.4,39.1065
2026-04-02T16:39:03,35.37,39.1033
2026-04-02T16:39:13,35.46,39.0968
2026-04-02T16:39:18,35.57,39.0936
2026-04-02T16:39:23,35.8,39.0904
2026-04-02T16:39:28,35.09,39.0872
2026-04-02T16:39:38,35.53,39.0808
2026-04-02T16:39:53,35.17,39.0711
2026-04-02T16:39:58,35.1,39.0679
2026-04-02T16:40:03,35.24,39.0647
2026-04-02T16:40:08,35.06,39.0615
2026-04-02T16:40:13,35.59,39.0583
2026-04-02T16:40:18,35.37,39.055
2026-04-02T16:40:23,35.78,39.0518
2026-04-02T16:40:28,35.71,39.0486
2026-04-02T16:40:33,35.7,39.0454
2026-04-02T16:40:38,35.68,39.0422
2026-04-02T16:40:43,35.17,39.039
2026-04-02T16:40:48,35.73,39.0358
2026-04-02T16:40:58,35.32,39.0293
2026-04-02T16:41:08,35.32,39.0229
2026-04-02T16:41:18,35.59,39.0165
2026-04-02T16:41:23,35.68,39.0133
2026-04-02T16:41:28,35.87,39.01
2026-04-02T16:41:34,35.12,39.0068
2026-04-02T16:41:44,35.86,39.0004
2026-04-02T16:41:49,35.85,38.9972
2026-04-02T16:41:54,35.75,38.994
2026-04-02T16:41:59,35.72,38.9908
2026-04-02T16:42:04,35.27,38.9875
2026-04-02T16:42:14,35.43,38.9811
2026-04-02T16:42:19,35.87,38.9779
2026-04-02T16:42:24,35.39,38.9747
2026-04-02T16:42:29,35.09,38.9715
2026-04-02T16:42:34,35.54,38.9683
2026-04-02T16:42:39,35.77,38.965
2026-04-02T16:42:44,35.89,38.9618
2026-04-02T16:42:49,35.73,38.9586
2026-04-02T16:42:54,35.77,38.9554
2026-04-02T16:42:59,35.58,38.9522
2026-04-02T16:43:04,35.24,38.949
2026-04-02T16:43:09,35.09,38.9458
2026-04-02T16:43:14,35.16,38.9425
2026-04-02T16:43:19,35.51,38.9393
2026-04-02T16:43:24,35.06,38.9361
2026-04-02T16:43:29,35.56,38.9329
2026-04-02T16:43:34,35.59,38.9297
2026-04-02T16:43:39,35.31,38.9265
2026-04-02T16:43:44,35.51,38.9233
2026-04-02T16:43:49,35.28,38.92
2026-04-02T16:43:54,35.7,38.9168
2026-04-02T16:43:59,35.84,38.9136
2026-04-02T16:44:04,35.73,38.9104
2026-04-02T16:44:09,35.13,38.9072
2026-04-02T16:44:14,35.5,38.904
2026-04-02T16:44:19,35.27,38.9008
2026-04-02T16:44:29,35.56,38.8943
2026-04-02T16:44:34,35.75,38.8911
2026-04-02T16:44:39,35.32,38.8879
2026-04-02T16:44:44,35.58,38.8847
2026-04-02T16:44:49,35.62,38.8815
2026-04-02T16:44:54,35.2,38.8783
2026-04-02T16:44:59,35.12,38.875
2026-04-02T16:45:04,35.27,38.8718
2026-04-02T16:45:09,35.53,38.8686
2026-04-02T16:45:14,35.54,38.8654
2026-04-02T16:45:24,35.29,38.859
2026-04-02T16:45:29,35.16,38.8558
2026-04-02T16:45:39,35.1,38.8493
2026-04-02T16:45:44,35.69,38.8461
2026-04-02T16:45:49,35.67,38.8429
2026-04-02T16:45:54,35.97,38.8397
2026-04-02T16:45:59,35.91,38.8365
2026-04-02T16:46:04,35.4,38.8333
2026-04-02T16:46:14,35.97,38.8268
2026-04-02T16:46:19,34.97,38.8236
2026-04-02T16:46:24,35.95,38.8204
2026-04-02T16:46:29,35.9,38.8172
2026-04-02T16:46:34,35.9,38.814
2026-04-02T16:46:39,35.77,38.8107
2026-04-02T16:46:44,35.25,38.8075
2026-04-02T16:46:49,35.51,38.8043
2026-04-02T16:46:54,35.58,38.8011
2026-04-02T16:46:59,36.03,38.7979
2026-04-02T16:47:04,35.32,38.7947
2026-04-02T16:47:09,35.94,38.7915
2026-04-02T16:47:14,35.93,38.7882
2026-04-02T16:47:19,35.88,38.785
2026-04-02T16:47:24,35.79,38.7818
2026-04-02T16:47:29,35.54,38.7786
2026-04-02T16:47:34,35.33,38.7754
2026-04-02T16:47:39,35.29,38.7722
2026-04-02T16:47:54,35.19,38.7625
2026-04-02T16:47:59,35.31,38.7593
2026-04-02T16:48:04,35.6,38.7561
2026-04-02T16:48:09,35.67,38.7529
2026-04-02T16:48:14,35.52,38.7497
2026-04-02T16:48:24,35.79,38.7432
2026-04-02T16:48:29,35.74,38.74
2026-04-02T16:48:39,35.42,38.7336
2026-04-02T16:48:44,35.69,38.7304
2026-04-02T16:48:49,35.16,38.7272
2026-04-02T16:48:54,35.77,38.724
2026-04-02T16:48:59,34.93,38.7207
2026-04-02T16:49:04,35.59,38.7175
2026-04-02T16:49:09,35.83,38.7143
2026-04-02T16:49:14,36.01,38.7111
2026-04-02T16:49:24,35.94,38.7047
2026-04-02T16:49:29,35.47,38.7015
2026-04-02T16:49:34,35.26,38.6982
2026-04-02T16:49:44,35.66,38.6918
2026-04-02T16:49:49,35.29,38.6886
2026-04-02T16:49:54,35.22,38.6854
2026-04-02T16:49:59,35.5,38.6822
2026-04-02T16:50:04,35.56,38.679
2026-04-02T16:50:09,35.85,38.6757
2026-04-02T16:50:14,35.54,38.6725
2026-04-02T16:50:19,35.48,38.6693
2026-04-02T16:50:24,35.32,38.6661
2026-04-02T16:50:29,35.11,38.6629
2026-04-02T16:50:34,35.48,38.6597
2026-04-02T16:50:39,36.0,38.6565
2026-04-02T16:50:44,35.19,38.6532
2026-04-02T16:50:49,35.52,38.65
2026-04-02T16:50:54,35.77,38.6468
2026-04-02T16:50:59,35.16,38.6436
2026-04-02T16:51:04,35.83,38.6404
2026-04-02T16:51:09,35.75,38.6372
2026-04-02T16:51:14,35.41,38.634
2026-04-02T16:51:19,35.2,38.6307
2026-04-02T16:51:24,35.9,38.6275
2026-04-02T16:51:29,35.37,38.6243
2026-04-02T16:51:34,35.47,38.6211
2026-04-02T16:51:39,35.21,38.6179
2026-04-02T16:51:44,35.74,38.6147
2026-04-02T16:51:49,35.2,38.6115
2026-04-02T16:51:54,35.74,38.6082
2026-04-02T16:51:59,35.5,38.605
2026-04-02T16:52:04,35.19,38.6018
2026-04-02T16:52:09,35.36,38.5986
2026-04-02T16:52:14,35.45,38.5954
2026-04-02T16:52:19,35.28,38.5922
2026-04-02T16:52:24,35.55,38.589
2026-04-02T16:52:29,35.63,38.5857
2026-04-02T16:52:34,35.6,38.5825
2026-04-02T16:52:39,35.23,38.5793
2026-04-02T16:52:44,35.37,38.5761
2026-04-02T16:52:49,35.46,38.5729
2026-04-02T16:52:54,35.33,38.5697
2026-04-02T16:52:59,35.06,38.5665
2026-04-02T16:53:04,35.38,38.5632
2026-04-02T16:53:09,35.52,38.56
2026-04-02T16:53:14,35.81,38.5568
2026-04-02T16:53:19,35.33,38.5536
2026-04-02T16:53:24,35.35,38.5504
2026-04-02T16:53:29,35.5,38.5472
2026-04-02T16:53:34,36.0,38.544
2026-04-02T16:53:39,35.21,38.5407
2026-04-02T16:53:44,35.42,38.5375
2026-04-02T16:53:49,35.48,38.5343
2026-04-02T16:53:54,35.59,38.5311
2026-04-02T16:53:59,35.43,38.5279
2026-04-02T16:54:04,35.19,38.5247
2026-04-02T16:54:09,35.6,38.5214
2026-04-02T16:54:14,35.9,38.5182
2026-04-02T16:54:19,35.48,38.515
2026-04-02T16:54:24,35.55,38.5118
2026-04-02T16:54:29,35.96,38.5086
2026-04-02T16:54:34,35.2,38.5054
2026-04-02T16:54:39,35.92,38.5022
2026-04-02T16:54:44,35.74,38.4989
2026-04-02T16:54:49,35.41,38.4957
2026-04-02T16:54:54,35.88,38.4925
2026-04-02T16:54:59,35.25,38.4893
2026-04-02T16:55:04,34.94,38.4861
2026-04-02T16:55:09,35.27,38.4829
2026-04-02T16:55:14,35.69,38.4797
2026-04-02T16:55:19,35.47,38.4764
2026-04-02T16:55:24,35.78,38.4732
2026-04-02T16:55:29,35.48,38.47
2026-04-02T16:55:34,35.7,38.4668
2026-04-02T16:55:39,35.21,38.4636
2026-04-02T16:55:44,35.88,38.4604
2026-04-02T16:55:49,35.37,38.4572
2026-04-02T16:55:59,35.44,38.4507
2026-04-02T16:56:04,35.99,38.4475
2026-04-02T16:56:09,35.38,38.4443
2026-04-02T16:56:14,35.1,38.4411
2026-04-02T16:56:19,35.64,38.4379
2026-04-02T16:56:24,34.98,38.4347
2026-04-02T16:56:29,35.63,38.4314
2026-04-02T16:56:34,35.2,38.4282
2026-04-02T16:56:39,35.61,38.425
2026-04-02T16:56:44,35.29,38.4218
2026-04-02T16:56:49,35.47,38.4186
2026-04-02T16:56:54,35.34,38.4154
2026-04-02T16:56:59,35.34,38.4122
2026-04-02T16:57:04,35.72,38.4089
2026-04-02T16:57:09,35.63,38.4057
2026-04-02T16:57:14,35.53,38.4025
2026-04-02T16:57:24,35.73,38.3961
2026-04-02T16:57:29,35.89,38.3929
2026-04-02T16:57:34,35.1,38.3897
2026-04-02T16:57:39,35.7,38.3864
2026-04-02T16:57:44,35.85,38.3832
2026-04-02T16:57:49,35.83,38.38
2026-04-02T16:57:54,35.64,38.3768
2026-04-02T16:57:59,35.62,38.3736
2026-04-02T16:58:04,35.28,38.3704
2026-04-02T16:58:09,35.86,38.3671
2026-04-02T16:58:14,35.88,38.3639
2026-04-02T16:58:19,35.46,38.3607
2026-04-02T16:58:24,35.35,38.3575
2026-04-02T16:58:29,35.29,38.3543
2026-04-02T16:58:34,35.24,38.3511
2026-04-02T16:58:39,36.02,38.3479
2026-04-02T16:58:44,35.9,38.3446
2026-04-02T16:58:49,35.81,38.3414
2026-04-02T16:58:54,35.36,38.3382
2026-04-02T16:58:59,35.99,38.335
2026-04-02T16:59:04,35.83,38.3318
2026-04-02T16:59:09,35.67,38.3286
2026-04-02T16:59:14,35.68,38.3254
2026-04-02T16:59:24,35.95,38.3189
2026-04-02T16:59:29,35.8,38.3157
2026-04-02T16:59:39,35.84,38.3093
2026-04-02T16:59:54,35.58,38.2996
2026-04-02T16:59:59,35.58,38.2964
2026-04-02T17:00:04,35.91,38.2932
2026-04-02T17:00:09,35.89,38.29
2026-04-02T17:00:14,35.86,38.2868
2026-04-02T17:00:19,35.66,38.2836
2026-04-02T17:00:24,35.23,38.2804
2026-04-02T17:00:29,36.08,38.2771
2026-04-02T17:00:34,35.35,38.2739
2026-04-02T17:00:39,35.75,38.2707
2026-04-02T17:00:44,35.69,38.2675
2026-04-02T17:00:49,35.86,38.2643
2026-04-02T17:00:54,34.97,38.2611
2026-04-02T17:01:04,35.34,38.2546
2026-04-02T17:01:09,35.87,38.2514
2026-04-02T17:01:14,35.44,38.2482
2026-04-02T17:01:19,35.46,38.245
2026-04-02T17:01:24,35.14,38.2418
2026-04-02T17:01:34,35.56,38.2353
2026-04-02T17:01:39,35.83,38.2321
2026-04-02T17:01:44,34.99,38.2289
2026-04-02T17:01:49,35.12,38.2257
2026-04-02T17:01:54,35.47,38.2225
2026-04-02T17:01:59,35.94,38.2193
2026-04-02T17:02:04,35.22,38.2161
2026-04-02T17:02:09,35.21,38.2128
2026-04-02T17:02:14,35.18,38.2096
2026-04-02T17:02:19,35.73,38.2064
2026-04-02T17:02:29,35.16,38.2
2026-04-02T17:02:34,35.95,38.1968
2026-04-02T17:02:39,35.21,38.1936
2026-04-02T17:02:44,35.55,38.1903
2026-04-02T17:02:49,35.83,38.1871
2026-04-02T17:02:54,35.82,38.1839
2026-04-02T17:02:59,36.01,38.1807
2026-04-02T17:03:04,35.06,38.1775
2026-04-02T17:03:09,35.63,38.1743
2026-04-02T17:03:14,35.57,38.1711
2026-04-02T17:03:19,35.11,38.1678
2026-04-02T17:03:24,35.82,38.1646
2026-04-02T17:03:29,35.08,38.1614
2026-04-02T17:03:34,35.26,38.1582
2026-04-02T17:03:39,35.74,38.155
2026-04-02T17:03:44,35.44,38.1518
2026-04-02T17:03:49,35.35,38.1485
2026-04-02T17:03:54,35.02,38.1453
2026-04-02T17:03:59,35.69,38.1421
2026-04-02T17:04:14,35.83,38.1325
2026-04-02T17:04:19,35.1,38.1293
2026-04-02T17:04:29,35.36,38.1228
2026-04-02T17:04:34,35.43,38.1196
2026-04-02T17:04:39,35.14,38.1164
2026-04-02T17:04:44,35.14,38.1132
2026-04-02T17:04:49,35.33,38.11
2026-04-02T17:04:54,36.04,38.1068
2026-04-02T17:04:59,35.52,38.1035
2026-04-02T17:05:04,35.5,38.1003
2026-04-02T17:05:09,35.82,38.0971
2026-04-02T17:05:14,34.97,38.0939
2026-04-02T17:05:19,35.18,38.0907
2026-04-02T17:05:24,35.66,38.0875
2026-04-02T17:05:34,35.59,38.081
2026-04-02T17:05:39,35.75,38.0778
2026-04-02T17:05:49,35.53,38.0714
2026-04-02T17:05:54,35.02,38.0682
2026-04-02T17:05:59,35.28,38.065
2026-04-02T17:06:04,35.5,38.0617
2026-04-02T17:06:14,35.52,38.0553
2026-04-02T17:06:19,35.42,38.0521
2026-04-02T17:06:24,35.87,38.0489
2026-04-02T17:06:29,35.48,38.0457
2026-04-02T17:06:34,35.21,38.0425
2026-04-02T17:06:39,35.54,38.0392
2026-04-02T17:06:44,35.55,38.036
2026-04-02T17:06:49,35.68,38.0328
2026-04-02T17:06:54,35.39,38.0296
2026-04-02T17:06:59,35.74,38.0264
2026-04-02T17:07:04,35.22,38.0232
2026-04-02T17:07:14,35.94,38.0167
2026-04-02T17:07:19,35.86,38.0135
2026-04-02T17:07:24,35.59,38.0103
2026-04-02T17:07:29,35.87,38.0071
2026-04-02T17:07:34,35.04,38.0039
2026-04-02T17:07:39,35.26,38.0007
2026-04-02T17:07:44,35.73,37.9975
2026-04-02T17:07:49,35.59,37.9942
2026-04-02T17:07:54,35.53,37.991
2026-04-02T17:07:59,35.17,37.9878
2026-04-02T17:08:04,35.81,37.9846
2026-04-02T17:08:09,35.8,37.9814
2026-04-02T17:08:14,35.77,37.9782
2026-04-02T17:08:19,35.09,37.9749
2026-04-02T17:08:24,35.49,37.9717
2026-04-02T17:08:29,35.69,37.9685
2026-04-02T17:08:34,35.18,37.9653
2026-04-02T17:08:39,35.62,37.9621
2026-04-02T17:08:44,35.74,37.9589
2026-04-02T17:08:49,35.21,37.9557
2026-04-02T17:08:54,35.19,37.9524
2026-04-02T17:08:59,35.47,37.9492
2026-04-02T17:09:04,35.35,37.946
2026-04-02T17:09:09,35.72,37.9428
2026-04-02T17:09:14,35.52,37.9396
2026-04-02T17:09:19,35.94,37.9364
2026-04-02T17:09:24,35.32,37.9332
2026-04-02T17:09:34,35.84,37.9267
2026-04-02T17:09:39,35.3,37.9235
2026-04-02T17:09:44,35.1,37.9203
2026-04-02T17:09:59,35.27,37.9106
2026-04-02T17:10:04,35.55,37.9074
2026-04-02T17:10:09,35.22,37.9042
2026-04-02T17:10:19,35.64,37.8978
2026-04-02T17:10:24,35.7,37.8946
2026-04-02T17:10:29,35.22,37.8914
2026-04-02T17:10:34,35.61,37.8881
2026-04-02T17:10:39,35.58,37.8849
2026-04-02T17:10:44,35.89,37.8817
2026-04-02T17:10:49,35.7,37.8785
2026-04-02T17:10:54,35.5,37.8753
2026-04-02T17:11:04,35.29,37.8689
2026-04-02T17:11:09,35.51,37.8656
2026-04-02T17:11:19,35.59,37.8592
2026-04-02T17:11:29,35.4,37.8528
2026-04-02T17:11:34,35.89,37.8496
2026-04-02T17:11:39,35.78,37.8463
2026-04-02T17:11:44,35.82,37.8431
2026-04-02T17:11:54,35.7,37.8367
2026-04-02T17:11:59,35.18,37.8335
2026-04-02T17:12:04,35.66,37.8303
2026-04-02T17:12:09,35.95,37.8271
2026-04-02T17:12:14,35.34,37.8238
2026-04-02T17:12:19,35.41,37.8206
2026-04-02T17:12:24,35.95,37.8174
2026-04-02T17:12:29,35.11,37.8142
2026-04-02T17:12:34,35.45,37.811
2026-04-02T17:12:39,35.87,37.8078
2026-04-02T17:12:44,35.8,37.8046
2026-04-02T17:12:49,35.13,37.8013
2026-04-02T17:12:54,35.15,37.7981
2026-04-02T17:12:59,35.14,37.7949
2026-04-02T17:13:09,35.11,37.7885
2026-04-02T17:13:14,35.82,37.7853
2026-04-02T17:13:19,35.76,37.782
2026-04-02T17:13:24,35.94,37.7788
2026-04-02T17:13:29,35.39,37.7756
2026-04-02T17:13:34,35.98,37.7724
2026-04-02T17:13:44,35.53,37.766
2026-04-02T17:13:49,35.79,37.7628
2026-04-02T17:13:54,35.14,37.7595
2026-04-02T17:13:59,35.85,37.7563
2026-04-02T17:14:09,35.57,37.7499
2026-04-02T17:14:14,35.5,37.7467
2026-04-02T17:14:19,35.05,37.7435
2026-04-02T17:14:24,35.27,37.7403
2026-04-02T17:14:29,35.91,37.737
2026-04-02T17:14:34,35.83,37.7338
2026-04-02T17:14:39,35.79,37.7306
2026-04-02T17:14:44,35.57,37.7274
2026-04-02T17:14:49,35.58,37.7242
2026-04-02T17:14:54,35.29,37.721
2026-04-02T17:14:59,35.13,37.7177
2026-04-02T17:15:04,35.32,37.7145
2026-04-02T17:15:09,35.42,37.7113
2026-04-02T17:15:19,35.29,37.7049
2026-04-02T17:15:24,35.77,37.7017
2026-04-02T17:15:29,35.3,37.6985
2026-04-02T17:15:34,35.25,37.6952
2026-04-02T17:15:39,35.62,37.692
2026-04-02T17:15:44,35.01,37.6888
2026-04-02T17:15:49,35.06,37.6856
2026-04-02T17:15:54,35.12,37.6824
2026-04-02T17:15:59,35.14,37.6792
2026-04-02T17:16:04,35.45,37.676
2026-04-02T17:16:09,35.49,37.6727
2026-04-02T17:16:14,35.53,37.6695
2026-04-02T17:16:19,35.28,37.6663
2026-04-02T17:16:24,35.6,37.6631
2026-04-02T17:16:29,35.11,37.6599
2026-04-02T17:16:34,35.91,37.6567
2026-04-02T17:16:39,35.69,37.6534
2026-04-02T17:16:44,35.8,37.6502
2026-04-02T17:16:49,35.05,37.647
2026-04-02T17:16:54,35.42,37.6438
2026-04-02T17:16:59,35.38,37.6406
2026-04-02T17:17:04,35.24,37.6374
2026-04-02T17:17:09,35.74,37.6342
2026-04-02T17:17:14,35.45,37.6309
2026-04-02T17:17:19,35.56,37.6277
2026-04-02T17:17:24,35.27,37.6245
2026-04-02T17:17:29,35.98,37.6213
2026-04-02T17:17:34,35.38,37.6181
2026-04-02T17:17:39,35.89,37.6149
2026-04-02T17:17:44,35.0,37.6117
2026-04-02T17:17:49,35.22,37.6084
2026-04-02T17:17:54,35.35,37.6052
2026-04-02T17:17:59,35.54,37.602
2026-04-02T17:18:04,35.65,37.5988
2026-04-02T17:18:09,35.28,37.5956
2026-04-02T17:18:14,35.04,37.5924
2026-04-02T17:18:19,35.56,37.5891
2026-04-02T17:18:29,35.4,37.5827
2026-04-02T17:18:34,34.94,37.5795
2026-04-02T17:18:39,35.74,37.5763
2026-04-02T17:18:44,35.57,37.5731
2026-04-02T17:18:49,35.6,37.5699
2026-04-02T17:18:54,35.28,37.5666
2026-04-02T17:18:59,35.73,37.5634
2026-04-02T17:19:04,35.06,37.5602
2026-04-02T17:19:09,35.26,37.557
2026-04-02T17:19:24,35.77,37.5473
2026-04-02T17:19:44,35.08,37.5345
2026-04-02T17:19:49,35.3,37.5313
2026-04-02T17:19:54,35.58,37.5281
2026-04-02T17:19:59,35.67,37.5248
2026-04-02T17:20:04,35.19,37.5216
2026-04-02T17:20:09,35.26,37.5184
2026-04-02T17:20:14,35.02,37.5152
2026-04-02T17:20:19,35.83,37.512
2026-04-02T17:20:24,35.49,37.5088
2026-04-02T17:20:29,35.89,37.5055
2026-04-02T17:20:34,35.21,37.5023
2026-04-02T17:20:39,35.67,37.4991
2026-04-02T17:20:49,35.71,37.4927
2026-04-02T17:20:54,34.97,37.4895
2026-04-02T17:21:04,35.9,37.483
2026-04-02T17:21:09,35.01,37.4798
2026-04-02T17:21:14,35.98,37.4766
2026-04-02T17:21:19,35.38,37.4734
2026-04-02T17:21:24,35.31,37.4702
2026-04-02T17:21:29,35.63,37.467
2026-04-02T17:21:34,35.66,37.4638
2026-04-02T17:21:39,35.61,37.4605
2026-04-02T17:21:44,35.34,37.4573
2026-04-02T17:21:49,35.28,37.4541
2026-04-02T17:21:54,35.5,37.4509
2026-04-02T17:21:59,35.62,37.4477
2026-04-02T17:22:04,35.22,37.4445
2026-04-02T17:22:09,35.51,37.4412
2026-04-02T17:22:14,35.34,37.438
2026-04-02T17:22:19,35.54,37.4348
2026-04-02T17:22:24,35.76,37.4316
2026-04-02T17:22:29,35.55,37.4284
2026-04-02T17:22:34,35.66,37.4252
2026-04-02T17:22:39,35.34,37.422
2026-04-02T17:22:44,35.35,37.4187
2026-04-02T17:22:49,35.02,37.4155
2026-04-02T17:22:54,34.93,37.4123
2026-04-02T17:22:59,35.37,37.4091
2026-04-02T17:23:04,35.73,37.4059
2026-04-02T17:23:09,35.78,37.4027
2026-04-02T17:23:14,35.96,37.3994
2026-04-02T17:23:19,35.31,37.3962
2026-04-02T17:23:24,35.77,37.393
2026-04-02T17:23:29,35.16,37.3898
2026-04-02T17:23:34,35.16,37.3866
2026-04-02T17:23:44,35.52,37.3802
2026-04-02T17:23:49,35.49,37.3769
2026-04-02T17:23:54,35.21,37.3737
2026-04-02T17:23:59,35.56,37.3705
2026-04-02T17:24:04,35.44,37.3673
2026-04-02T17:24:09,35.12,37.3641
2026-04-02T17:24:14,35.09,37.3609
2026-04-02T17:24:19,35.12,37.3576
2026-04-02T17:24:24,35.87,37.3544
2026-04-02T17:24:29,35.12,37.3512
2026-04-02T17:24:34,35.16,37.348
2026-04-02T17:24:39,35.68,37.3448
2026-04-02T17:24:44,35.4,37.3416
2026-04-02T17:24:54,35.04,37.3351
2026-04-02T17:24:59,35.51,37.3319
2026-04-02T17:25:04,35.54,37.3287
2026-04-02T17:25:09,35.12,37.3255
2026-04-02T17:25:14,35.83,37.3223
2026-04-02T17:25:24,35.29,37.3158
2026-04-02T17:25:29,35.78,37.3126
2026-04-02T17:25:34,35.31,37.3094
2026-04-02T17:25:39,35.52,37.3062
2026-04-02T17:25:44,35.12,37.303
2026-04-02T17:25:49,36.0,37.2998
2026-04-02T17:25:54,35.12,37.2966
2026-04-02T17:25:59,35.41,37.2933
2026-04-02T17:26:04,35.71,37.2901
2026-04-02T17:26:09,35.25,37.2869
2026-04-02T17:26:14,36.06,37.2837
2026-04-02T17:26:19,35.23,37.2805
2026-04-02T17:26:24,35.12,37.2773
2026-04-02T17:26:29,35.71,37.274
2026-04-02T17:26:34,35.1,37.2708
2026-04-02T17:26:39,35.67,37.2676
2026-04-02T17:26:44,35.85,37.2644
2026-04-02T17:26:54,34.96,37.258
2026-04-02T17:26:59,35.18,37.2548
2026-04-02T17:27:04,35.89,37.2515
2026-04-02T17:27:09,36.04,37.2483
2026-04-02T17:27:14,35.01,37.2451
2026-04-02T17:27:19,35.52,37.2419
2026-04-02T17:27:24,35.17,37.2387
2026-04-02T17:27:29,34.97,37.2355
2026-04-02T17:27:34,35.44,37.2322
2026-04-02T17:27:39,35.82,37.229
2026-04-02T17:27:44,35.74,37.2258
2026-04-02T17:27:49,35.25,37.2226
2026-04-02T17:27:54,35.84,37.2194
2026-04-02T17:27:59,35.36,37.2162
2026-04-02T17:28:04,35.45,37.213
2026-04-02T17:28:09,35.76,37.2097
2026-04-02T17:28:14,35.96,37.2065
2026-04-02T17:28:19,35.96,37.2033
2026-04-02T17:28:24,35.13,37.2001
2026-04-02T17:28:29,35.61,37.1969
2026-04-02T17:28:39,35.58,37.1904
2026-04-02T17:28:44,35.32,37.1872
2026-04-02T17:28:54,35.41,37.1808
2026-04-02T17:28:59,36.0,37.1776
2026-04-02T17:29:04,35.01,37.1744
2026-04-02T17:29:09,35.79,37.1712
2026-04-02T17:29:14,35.14,37.1679
2026-04-02T17:29:19,34.97,37.1647
2026-04-02T17:29:24,35.04,37.1615
2026-04-02T17:29:29,35.31,37.1583
2026-04-02T17:29:34,35.28,37.1551
2026-04-02T17:29:39,35.97,37.1519
2026-04-02T17:29:44,35.45,37.1486
2026-04-02T17:29:49,35.16,37.1454
2026-04-02T17:29:54,35.49,37.1422
2026-04-02T17:29:59,35.22,37.139
2026-04-02T17:30:04,35.71,37.1358
2026-04-02T17:30:09,35.57,37.1326
2026-04-02T17:30:14,35.86,37.1294
2026-04-02T17:30:19,35.27,37.1261
2026-04-02T17:30:24,35.4,37.1229
2026-04-02T17:30:29,35.55,37.1197
2026-04-02T17:30:34,35.95,37.1165
2026-04-02T17:30:39,35.22,37.1133
2026-04-02T17:30:49,35.88,37.1068
2026-04-02T17:30:54,35.76,37.1036
2026-04-02T17:30:59,35.24,37.1004
2026-04-02T17:31:04,35.11,37.0972
2026-04-02T17:31:09,35.54,37.094
2026-04-02T17:31:14,35.42,37.0908
2026-04-02T17:31:19,35.24,37.0876
2026-04-02T17:31:24,35.5,37.0843
2026-04-02T17:31:29,35.07,37.0811
2026-04-02T17:31:34,35.4,37.0779
2026-04-02T17:31:39,35.76,37.0747
2026-04-02T17:31:44,35.69,37.0715
2026-04-02T17:31:49,35.69,37.0683
2026-04-02T17:31:54,35.99,37.065
2026-04-02T17:31:59,35.36,37.0618
2026-04-02T17:32:04,35.19,37.0586
2026-04-02T17:32:09,35.55,37.0554
2026-04-02T17:32:14,35.64,37.0522
2026-04-02T17:32:24,35.62,37.0457
2026-04-02T17:32:29,35.65,37.0425
2026-04-02T17:32:34,35.46,37.0393
2026-04-02T17:32:39,35.71,37.0361
2026-04-02T17:32:44,35.37,37.0329
2026-04-02T17:32:49,35.49,37.0297
2026-04-02T17:32:54,35.87,37.0265
2026-04-02T17:32:59,35.98,37.0232
2026-04-02T17:33:04,35.2,37.02
2026-04-02T17:33:09,35.85,37.0168
2026-04-02T17:33:19,35.21,37.0104
2026-04-02T17:33:24,35.5,37.0072
2026-04-02T17:33:29,35.92,37.0039
2026-04-02T17:33:34,35.8,37.0007
2026-04-02T17:33:39,35.54,36.9975
2026-04-02T17:33:44,35.46,36.9943
2026-04-02T17:33:49,35.69,36.9911
2026-04-02T17:33:54,35.41,36.9879
2026-04-02T17:33:59,35.76,36.9847
2026-04-02T17:34:04,35.08,36.9814
2026-04-02T17:34:09,35.58,36.9782
2026-04-02T17:34:14,35.97,36.975
2026-04-02T17:34:19,35.69,36.9718
2026-04-02T17:34:24,35.86,36.9686
2026-04-02T17:34:29,35.38,36.9654
2026-04-02T17:34:34,35.11,36.9621
2026-04-02T17:34:39,35.62,36.9589
2026-04-02T17:34:44,35.27,36.9557
2026-04-02T17:34:49,35.25,36.9525
2026-04-02T17:34:54,35.9,36.9493
2026-04-02T17:34:59,35.38,36.9461
2026-04-02T17:35:04,35.41,36.9428
2026-04-02T17:35:14,35.61,36.9364
2026-04-02T17:35:19,35.72,36.9332
2026-04-02T17:35:24,35.59,36.93
2026-04-02T17:35:29,35.02,36.9268
2026-04-02T17:35:34,35.31,36.9236
2026-04-02T17:35:39,35.85,36.9203
2026-04-02T17:35:44,34.98,36.9171
2026-04-02T17:35:49,35.77,36.9139
2026-04-02T17:35:54,35.41,36.9107
2026-04-02T17:35:59,35.39,36.9075
2026-04-02T17:36:04,35.73,36.9043
2026-04-02T17:36:09,35.3,36.901
2026-04-02T17:36:19,35.19,36.8946
2026-04-02T17:36:29,35.72,36.8882
2026-04-02T17:36:34,35.86,36.885
2026-04-02T17:36:39,35.22,36.8818
2026-04-02T17:36:49,35.49,36.8753
2026-04-02T17:36:59,35.46,36.8689
2026-04-02T17:37:04,35.12,36.8657
2026-04-02T17:37:09,35.17,36.8625
2026-04-02T17:37:14,35.46,36.8592
2026-04-02T17:37:19,35.48,36.856
2026-04-02T17:37:24,35.34,36.8528
2026-04-02T17:37:29,35.76,36.8496
2026-04-02T17:37:34,35.09,36.8464
2026-04-02T17:37:39,35.81,36.8432
2026-04-02T17:37:44,35.18,36.8399
2026-04-02T17:37:49,35.78,36.8367
2026-04-02T17:37:54,35.37,36.8335
2026-04-02T17:37:59,35.59,36.8303
2026-04-02T17:38:09,35.72,36.8239
2026-04-02T17:38:14,35.33,36.8207
2026-04-02T17:38:19,35.17,36.8174
2026-04-02T17:38:24,35.9,36.8142
2026-04-02T17:38:29,35.26,36.811
2026-04-02T17:38:34,35.46,36.8078
2026-04-02T17:38:39,35.26,36.8046
2026-04-02T17:38:44,35.19,36.8014
2026-04-02T17:38:49,35.41,36.7981
2026-04-02T17:38:54,35.38,36.7949
2026-04-02T17:38:59,35.03,36.7917
2026-04-02T17:39:04,35.23,36.7885
2026-04-02T17:39:14,35.15,36.7821
2026-04-02T17:39:19,35.74,36.7788
2026-04-02T17:39:34,35.25,36.7692
2026-04-02T17:39:39,35.31,36.766
2026-04-02T17:39:44,35.99,36.7628
2026-04-02T17:39:49,35.54,36.7596
2026-04-02T17:39:54,35.91,36.7563
2026-04-02T17:39:59,35.14,36.7531
2026-04-02T17:40:04,35.4,36.7499
2026-04-02T17:40:09,35.6,36.7467
2026-04-02T17:40:14,35.59,36.7435
2026-04-02T17:40:19,35.41,36.7403
2026-04-02T17:40:24,35.77,36.737
2026-04-02T17:40:29,35.62,36.7338
2026-04-02T17:40:34,35.66,36.7306
2026-04-02T17:40:39,35.48,36.7274
2026-04-02T17:40:44,35.75,36.7242
2026-04-02T17:40:49,35.57,36.721
2026-04-02T17:40:54,35.39,36.7177
2026-04-02T17:40:59,35.96,36.7145
2026-04-02T17:41:04,35.44,36.7113
2026-04-02T17:41:09,35.33,36.7081
2026-04-02T17:41:14,35.8,36.7049
2026-04-02T17:41:19,35.05,36.7017
2026-04-02T17:41:24,35.6,36.6985
2026-04-02T17:41:34,35.6,36.692
2026-04-02T17:41:39,35.77,36.6888
2026-04-02T17:41:44,35.81,36.6856
2026-04-02T17:41:49,35.62,36.6824
2026-04-02T17:41:54,35.53,36.6792
2026-04-02T17:41:59,35.64,36.6759
2026-04-02T17:42:04,35.97,36.6727
2026-04-02T17:42:09,36.01,36.6695
2026-04-02T17:42:14,35.28,36.6663
2026-04-02T17:42:19,35.32,36.6631
2026-04-02T17:42:24,35.75,36.6599
2026-04-02T17:42:34,35.4,36.6534
2026-04-02T17:42:39,35.68,36.6502
2026-04-02T17:42:44,35.89,36.647
2026-04-02T17:42:49,35.03,36.6438
2026-04-02T17:42:54,35.78,36.6406
2026-04-02T17:42:59,35.72,36.6374
2026-04-02T17:43:04,35.73,36.6341
2026-04-02T17:43:14,35.17,36.6277
2026-04-02T17:43:19,35.12,36.6245
2026-04-02T17:43:29,34.99,36.6181
2026-04-02T17:43:34,35.61,36.6148
2026-04-02T17:43:39,35.41,36.6116
2026-04-02T17:43:44,35.31,36.6084
2026-04-02T17:43:49,35.62,36.6052
2026-04-02T17:43:54,35.8,36.602
2026-04-02T17:43:59,35.35,36.5988
2026-04-02T17:44:04,35.98,36.5955
2026-04-02T17:44:09,34.99,36.5923
2026-04-02T17:44:14,35.14,36.5891
2026-04-02T17:44:19,35.12,36.5859
2026-04-02T17:44:24,35.35,36.5827
2026-04-02T17:44:29,35.79,36.5795
2026-04-02T17:44:34,35.79,36.5762
2026-04-02T17:44:39,35.88,36.573
2026-04-02T17:44:44,35.26,36.5698
2026-04-02T17:44:49,35.24,36.5666
2026-04-02T17:44:54,35.6,36.5634
2026-04-02T17:44:59,35.62,36.5602
2026-04-02T17:45:04,35.12,36.557
2026-04-02T17:45:09,35.1,36.5537
2026-04-02T17:45:14,35.48,36.5505
2026-04-02T17:45:19,35.52,36.5473
2026-04-02T17:45:24,35.1,36.5441
2026-04-02T17:45:29,35.12,36.5409
2026-04-02T17:45:39,35.62,36.5344
2026-04-02T17:45:44,35.08,36.5312
2026-04-02T17:45:49,35.72,36.528
2026-04-02T17:45:54,35.26,36.5248
2026-04-02T17:45:59,35.53,36.5216
2026-04-02T17:46:04,35.04,36.5184
2026-04-02T17:46:09,35.8,36.5151
2026-04-02T17:46:14,35.18,36.5119
2026-04-02T17:46:19,35.16,36.5087
2026-04-02T17:46:29,35.64,36.5023
2026-04-02T17:46:34,35.42,36.4991
2026-04-02T17:46:39,36.06,36.4958
2026-04-02T17:46:44,35.58,36.4926
2026-04-02T17:46:49,35.92,36.4894
2026-04-02T17:46:54,35.95,36.4862
2026-04-02T17:47:04,35.85,36.4798
2026-04-02T17:47:09,35.69,36.4766
2026-04-02T17:47:19,35.55,36.4701
2026-04-02T17:47:24,35.07,36.4669
2026-04-02T17:47:29,35.68,36.4637
2026-04-02T17:47:34,35.47,36.4605
2026-04-02T17:47:39,35.86,36.4573
2026-04-02T17:47:44,35.44,36.454
2026-04-02T17:47:49,35.28,36.4508
2026-04-02T17:47:54,35.7,36.4476
2026-04-02T17:47:59,35.28,36.4444
2026-04-02T17:48:09,35.6,36.438
2026-04-02T17:48:14,35.28,36.4347
2026-04-02T17:48:24,35.83,36.4283
2026-04-02T17:48:29,35.92,36.4251
2026-04-02T17:48:34,35.79,36.4219
2026-04-02T17:48:39,35.17,36.4187
2026-04-02T17:48:44,35.14,36.4154
2026-04-02T17:48:49,35.17,36.4122
2026-04-02T17:48:54,35.66,36.409
2026-04-02T17:48:59,36.07,36.4058
2026-04-02T17:49:04,35.38,36.4026
2026-04-02T17:49:09,35.6,36.3994
2026-04-02T17:49:14,35.09,36.3962
2026-04-02T17:49:19,35.29,36.3929
2026-04-02T17:49:24,35.89,36.3897
2026-04-02T17:49:29,34.98,36.3865
2026-04-02T17:49:34,35.42,36.3833
2026-04-02T17:49:39,35.69,36.3801
2026-04-02T17:49:44,35.55,36.3769
2026-04-02T17:49:49,35.63,36.3736
2026-04-02T17:49:54,35.56,36.3704
2026-04-02T17:49:59,35.79,36.3672
2026-04-02T17:50:09,35.15,36.3608
2026-04-02T17:50:14,35.76,36.3576
2026-04-02T17:50:19,35.2,36.3543
2026-04-02T17:50:29,35.92,36.3479
2026-04-02T17:50:34,35.57,36.3447
2026-04-02T17:50:39,35.36,36.3415
2026-04-02T17:50:44,35.89,36.3383
2026-04-02T17:50:49,35.63,36.335
2026-04-02T17:50:54,35.44,36.3318
2026-04-02T17:50:59,35.7,36.3286
2026-04-02T17:51:04,36.03,36.3254
2026-04-02T17:51:09,35.51,36.3222
2026-04-02T17:51:19,35.67,36.3157
2026-04-02T17:51:24,35.92,36.3125
2026-04-02T17:51:29,35.82,36.3093
2026-04-02T17:51:34,35.62,36.3061
2026-04-02T17:51:39,35.78,36.3029
2026-04-02T17:51:44,35.97,36.2997
2026-04-02T17:51:49,35.25,36.2965
2026-04-02T17:51:54,35.9,36.2932
2026-04-02T17:51:59,35.16,36.29
2026-04-02T17:52:04,35.93,36.2868
2026-04-02T17:52:19,35.69,36.2772
2026-04-02T17:52:24,34.92,36.2739
2026-04-02T17:52:29,35.3,36.2707
2026-04-02T17:52:34,35.26,36.2675
2026-04-02T17:52:39,35.09,36.2643
2026-04-02T17:52:44,35.56,36.2611
2026-04-02T17:52:49,35.89,36.2579
2026-04-02T17:52:54,35.25,36.2546
2026-04-02T17:52:59,35.93,36.2514
2026-04-02T17:53:04,35.46,36.2482
2026-04-02T17:53:09,35.61,36.245
2026-04-02T17:53:14,35.45,36.2418
2026-04-02T17:53:24,35.17,36.2353
2026-04-02T17:53:34,35.55,36.2289
2026-04-02T17:53:39,35.63,36.2257
2026-04-02T17:53:44,35.16,36.2225
2026-04-02T17:53:49,35.53,36.2193
2026-04-02T17:53:54,35.46,36.216
2026-04-02T17:53:59,35.56,36.2128
2026-04-02T17:54:09,35.08,36.2064
2026-04-02T17:54:14,35.72,36.2032
2026-04-02T17:54:19,35.86,36.2
2026-04-02T17:54:24,35.54,36.1967
2026-04-02T17:54:34,35.1,36.1903
2026-04-02T17:54:39,35.17,36.1871
2026-04-02T17:54:44,35.78,36.1839
2026-04-02T17:54:49,35.4,36.1807
2026-04-02T17:54:54,35.21,36.1775
2026-04-02T17:55:04,35.19,36.171
2026-04-02T17:55:09,35.95,36.1678
2026-04-02T17:55:14,34.94,36.1646
2026-04-02T17:55:19,35.17,36.1614
2026-04-02T17:55:24,35.67,36.1582
2026-04-02T17:55:34,35.28,36.1517
2026-04-02T17:55:39,35.53,36.1485
2026-04-02T17:55:44,35.24,36.1453
2026-04-02T17:55:49,35.88,36.1421
2026-04-02T17:55:54,35.09,36.1389
2026-04-02T17:55:59,35.28,36.1356
2026-04-02T17:56:04,35.1,36.1324
2026-04-02T17:56:09,35.76,36.1292
2026-04-02T17:56:19,35.78,36.1228
2026-04-02T17:56:24,35.19,36.1196
2026-04-02T17:56:29,35.89,36.1163
2026-04-02T17:56:34,35.21,36.1131
2026-04-02T17:56:39,35.98,36.1099
2026-04-02T17:56:44,35.39,36.1067
2026-04-02T17:56:49,35.75,36.1035
2026-04-02T17:56:59,35.85,36.097
2026-04-02T17:57:04,35.79,36.0938
2026-04-02T17:57:09,35.79,36.0906
2026-04-02T17:57:14,35.1,36.0874
2026-04-02T17:57:19,35.67,36.0842
2026-04-02T17:57:24,35.67,36.081
2026-04-02T17:57:29,35.32,36.0777
2026-04-02T17:57:34,35.06,36.0745
2026-04-02T17:57:39,35.84,36.0713
2026-04-02T17:57:44,35.27,36.0681
2026-04-02T17:57:49,35.07,36.0649
2026-04-02T17:57:54,35.24,36.0617
2026-04-02T17:57:59,35.13,36.0584
2026-04-02T17:58:04,35.16,36.0552
2026-04-02T17:58:09,35.23,36.052
2026-04-02T17:58:14,35.19,36.0488
2026-04-02T17:58:19,35.33,36.0456
2026-04-02T17:58:24,35.79,36.0424
2026-04-02T17:58:29,35.4,36.0391
2026-04-02T17:58:34,35.53,36.0359
2026-04-02T17:58:39,35.94,36.0327
2026-04-02T17:58:49,35.53,36.0263
2026-04-02T17:58:54,35.31,36.0231
2026-04-02T17:58:59,35.4,36.0199
2026-04-02T17:59:04,35.49,36.0166
2026-04-02T17:59:09,35.32,36.0134
2026-04-02T17:59:14,35.86,36.0102
2026-04-02T17:59:19,35.93,36.007
2026-04-02T17:59:29,35.7,36.0006
2026-04-02T17:59:34,35.49,35.9973
2026-04-02T17:59:39,35.92,35.9941
2026-04-02T17:59:44,35.21,35.9909
2026-04-02T17:59:59,35.4,35.9813
2026-04-02T18:00:04,35.56,35.9778
2026-04-02T18:00:09,35.55,35.9743
2026-04-02T18:00:14,35.9,35.9708
2026-04-02T18:00:19,35.3,35.9673
2026-04-02T18:00:24,35.28,35.9638
2026-04-02T18:00:29,35.17,35.9603
2026-04-02T18:00:34,35.53,35.9568
2026-04-02T18:00:44,35.14,35.9498
2026-04-02T18:00:54,35.53,35.9428
2026-04-02T18:00:59,35.27,35.9393
2026-04-02T18:01:04,35.73,35.9358
2026-04-02T18:01:09,35.52,35.9323
2026-04-02T18:01:14,36.06,35.9288
2026-04-02T18:01:19,35.85,35.9253
2026-04-02T18:01:24,35.07,35.9219
2026-04-02T18:01:29,35.22,35.9184
2026-04-02T18:01:34,35.54,35.9149
2026-04-02T18:01:39,35.95,35.9114
2026-04-02T18:01:49,35.8,35.9044
2026-04-02T18:01:54,35.36,35.9009
2026-04-02T18:02:04,35.37,35.8939
2026-04-02T18:02:09,35.86,35.8904
2026-04-02T18:02:14,35.39,35.8869
2026-04-02T18:02:19,35.71,35.8834
2026-04-02T18:02:24,35.91,35.8799
2026-04-02T18:02:29,35.96,35.8764
2026-04-02T18:02:34,35.26,35.8729
2026-04-02T18:02:44,36.0,35.8659
2026-04-02T18:02:49,35.87,35.8624
2026-04-02T18:02:54,36.04,35.859
2026-04-02T18:02:59,35.81,35.8555
2026-04-02T18:03:04,36.05,35.852
2026-04-02T18:03:09,35.75,35.8485
2026-04-02T18:03:14,35.33,35.845
2026-04-02T18:03:19,35.29,35.8415
2026-04-02T18:03:24,35.74,35.838
2026-04-02T18:03:29,35.54,35.8345
2026-04-02T18:03:39,35.6,35.8275
2026-04-02T18:03:44,35.35,35.824
2026-04-02T18:03:49,35.97,35.8205
2026-04-02T18:03:54,35.3,35.817
2026-04-02T18:03:59,35.58,35.8135
2026-04-02T18:04:09,35.77,35.8065
2026-04-02T18:04:14,35.47,35.803
2026-04-02T18:04:19,35.46,35.7996
2026-04-02T18:04:24,35.62,35.7961
2026-04-02T18:04:29,35.08,35.7926
2026-04-02T18:04:34,35.72,35.7891
2026-04-02T18:04:39,35.24,35.7856
2026-04-02T18:04:44,35.49,35.7821
2026-04-02T18:04:49,35.87,35.7786
2026-04-02T18:04:54,35.37,35.7751
2026-04-02T18:04:59,35.95,35.7716
2026-04-02T18:05:04,35.63,35.7681
2026-04-02T18:05:09,35.93,35.7646
2026-04-02T18:05:14,35.18,35.7611
2026-04-02T18:05:19,35.56,35.7576
2026-04-02T18:05:24,35.17,35.7541
2026-04-02T18:05:29,35.43,35.7506
2026-04-02T18:05:34,35.73,35.7471
2026-04-02T18:05:39,35.23,35.7436
2026-04-02T18:05:44,35.96,35.7401
2026-04-02T18:05:54,35.66,35.7332
2026-04-02T18:05:59,35.33,35.7297
2026-04-02T18:06:04,35.16,35.7262
2026-04-02T18:06:09,35.14,35.7227
2026-04-02T18:06:14,35.78,35.7192
2026-04-02T18:06:19,35.44,35.7157
2026-04-02T18:06:24,35.64,35.7122
2026-04-02T18:06:29,35.7,35.7087
2026-04-02T18:06:34,35.59,35.7052
2026-04-02T18:06:39,34.96,35.7017
2026-04-02T18:06:44,35.38,35.6982
2026-04-02T18:06:49,35.45,35.6947
2026-04-02T18:06:54,35.95,35.6912
2026-04-02T18:07:09,35.68,35.6807
2026-04-02T18:07:14,35.02,35.6772
2026-04-02T18:07:19,35.95,35.6738
2026-04-02T18:07:24,35.52,35.6703
2026-04-02T18:07:29,35.0,35.6668
2026-04-02T18:07:34,35.89,35.6633
2026-04-02T18:07:39,35.4,35.6598
2026-04-02T18:07:44,35.79,35.6563
2026-04-02T18:07:49,35.07,35.6528
2026-04-02T18:07:54,35.5,35.6493
2026-04-02T18:07:59,35.01,35.6458
2026-04-02T18:08:04,35.62,35.6423
2026-04-02T18:08:09,35.54,35.6388
2026-04-02T18:08:14,35.66,35.6353
2026-04-02T18:08:19,35.84,35.6318
2026-04-02T18:08:24,35.15,35.6283
2026-04-02T18:08:29,35.77,35.6248
2026-04-02T18:08:34,35.18,35.6213
2026-04-02T18:08:39,35.67,35.6178
2026-04-02T18:08:44,34.94,35.6143
2026-04-02T18:08:49,35.45,35.6108
2026-04-02T18:08:54,35.63,35.6074
2026-04-02T18:08:59,35.73,35.6039
2026-04-02T18:09:04,35.61,35.6004
2026-04-02T18:09:09,35.53,35.5969
2026-04-02T18:09:14,35.81,35.5934
2026-04-02T18:09:19,35.43,35.5899
2026-04-02T18:09:24,35.13,35.5864
2026-04-02T18:09:29,35.76,35.5829
2026-04-02T18:09:34,35.31,35.5794
2026-04-02T18:09:39,35.09,35.5759
2026-04-02T18:09:44,35.57,35.5724
2026-04-02T18:09:49,35.7,35.5689
2026-04-02T18:09:54,35.76,35.5654
2026-04-02T18:09:59,35.3,35.5619
2026-04-02T18:10:04,35.62,35.5584
2026-04-02T18:10:09,34.95,35.5549
2026-04-02T18:10:14,35.32,35.5514
2026-04-02T18:10:19,35.74,35.5479
2026-04-02T18:10:24,35.39,35.5445
2026-04-02T18:10:29,35.61,35.541
2026-04-02T18:10:34,35.18,35.5375
2026-04-02T18:10:39,35.63,35.534
2026-04-02T18:10:44,35.98,35.5305
2026-04-02T18:10:49,35.69,35.527
2026-04-02T18:10:54,35.41,35.5235
2026-04-02T18:10:59,35.37,35.52
2026-04-02T18:11:04,35.3,35.5165
2026-04-02T18:11:09,35.22,35.513
2026-04-02T18:11:19,35.62,35.506
2026-04-02T18:11:24,35.01,35.5025
2026-04-02T18:11:29,35.16,35.499
2026-04-02T18:11:34,35.15,35.4955
2026-04-02T18:11:39,35.92,35.492
2026-04-02T18:11:49,35.52,35.485
2026-04-02T18:11:54,35.34,35.4815
2026-04-02T18:11:59,35.06,35.4781
2026-04-02T18:12:04,35.99,35.4746
2026-04-02T18:12:09,35.83,35.4711
2026-04-02T18:12:14,36.03,35.4676
2026-04-02T18:12:19,35.68,35.4641
2026-04-02T18:12:34,35.95,35.4536
2026-04-02T18:12:39,35.17,35.4501
2026-04-02T18:12:44,35.66,35.4466
2026-04-02T18:12:49,35.93,35.4431
2026-04-02T18:12:59,35.59,35.4361
2026-04-02T18:13:04,35.27,35.4326
2026-04-02T18:13:09,35.71,35.4291
2026-04-02T18:13:14,35.94,35.4256
2026-04-02T18:13:19,35.16,35.4221
2026-04-02T18:13:24,35.06,35.4186
2026-04-02T18:13:29,35.15,35.4152
2026-04-02T18:13:34,35.81,35.4117
2026-04-02T18:13:44,36.0,35.4047
2026-04-02T18:13:49,35.5,35.4012
2026-04-02T18:13:59,35.77,35.3942
2026-04-02T18:14:04,35.12,35.3907
2026-04-02T18:14:09,34.96,35.3872
2026-04-02T18:14:14,35.25,35.3837
2026-04-02T18:14:19,35.63,35.3802
2026-04-02T18:14:24,35.3,35.3767
2026-04-02T18:14:30,35.98,35.3732
2026-04-02T18:14:35,35.93,35.3697
2026-04-02T18:14:45,35.07,35.3627
2026-04-02T18:14:50,35.36,35.3592
2026-04-02T18:14:55,35.96,35.3557
2026-04-02T18:15:00,35.51,35.3522
2026-04-02T18:15:05,35.88,35.3488
2026-04-02T18:15:10,35.22,35.3453
2026-04-02T18:15:15,35.54,35.3418
2026-04-02T18:15:20,35.55,35.3383
2026-04-02T18:15:25,35.35,35.3348
2026-04-02T18:15:35,35.43,35.3278
2026-04-02T18:15:40,35.93,35.3243
2026-04-02T18:15:50,35.7,35.3173
2026-04-02T18:15:55,35.49,35.3138
2026-04-02T18:16:00,35.55,35.3103
2026-04-02T18:16:05,35.82,35.3068
2026-04-02T18:16:10,35.97,35.3033
2026-04-02T18:16:15,34.93,35.2998
2026-04-02T18:16:20,35.24,35.2963
2026-04-02T18:16:25,35.3,35.2928
2026-04-02T18:16:30,35.48,35.2893
2026-04-02T18:16:35,35.35,35.2858
2026-04-02T18:16:40,35.53,35.2823
2026-04-02T18:16:45,35.57,35.2789
2026-04-02T18:16:50,35.83,35.2754
2026-04-02T18:17:05,35.63,35.2649
2026-04-02T18:17:10,35.89,35.2614
2026-04-02T18:17:15,35.82,35.2579
2026-04-02T18:17:20,35.59,35.2544
2026-04-02T18:17:30,35.67,35.2474
2026-04-02T18:17:35,35.63,35.2439
2026-04-02T18:17:40,35.85,35.2404
2026-04-02T18:17:45,35.74,35.2369
2026-04-02T18:17:50,35.54,35.2334
2026-04-02T18:17:55,35.73,35.2299
2026-04-02T18:18:00,35.36,35.2264
2026-04-02T18:18:05,35.11,35.2229
2026-04-02T18:18:15,35.69,35.2159
2026-04-02T18:18:20,35.17,35.2125
2026-04-02T18:18:25,35.29,35.209
2026-04-02T18:18:30,35.0,35.2055
2026-04-02T18:18:35,35.05,35.202
2026-04-02T18:18:40,35.58,35.1985
2026-04-02T18:18:45,35.54,35.195
2026-04-02T18:18:50,35.67,35.1915
2026-04-02T18:18:55,35.91,35.188
2026-04-02T18:19:00,35.47,35.1845
2026-04-02T18:19:05,35.35,35.181
2026-04-02T18:19:10,35.43,35.1775
2026-04-02T18:19:15,35.12,35.174
2026-04-02T18:19:20,35.44,35.1705
2026-04-02T18:19:25,35.84,35.167
2026-04-02T18:19:30,35.88,35.1635
2026-04-02T18:19:35,35.31,35.16
2026-04-02T18:19:40,35.21,35.1565
2026-04-02T18:19:45,35.36,35.153
2026-04-02T18:19:50,35.33,35.1495
2026-04-02T18:19:55,35.08,35.146
2026-04-02T18:20:00,35.16,35.1426
2026-04-02T18:20:05,35.62,35.1391
2026-04-02T18:20:10,35.12,35.1356
2026-04-02T18:20:15,35.92,35.1321
2026-04-02T18:20:20,34.97,35.1286
2026-04-02T18:20:25,35.3,35.1251
2026-04-02T18:20:30,35.51,35.1216
2026-04-02T18:20:35,35.43,35.1181
2026-04-02T18:20:40,35.19,35.1146
2026-04-02T18:20:45,35.73,35.1111
2026-04-02T18:20:50,35.06,35.1076
2026-04-02T18:20:55,35.5,35.1041
2026-04-02T18:21:00,35.67,35.1006
2026-04-02T18:21:05,35.42,35.0971
2026-04-02T18:21:10,35.72,35.0936
2026-04-02T18:21:15,35.94,35.0901
2026-04-02T18:21:20,35.76,35.0866
2026-04-02T18:21:30,35.89,35.0796
2026-04-02T18:21:35,35.17,35.0761
2026-04-02T18:21:40,35.04,35.0727
2026-04-02T18:21:45,35.29,35.0692
2026-04-02T18:21:50,35.84,35.0657
2026-04-02T18:21:55,35.91,35.0622
2026-04-02T18:22:00,35.95,35.0587
2026-04-02T18:22:10,35.52,35.0517
2026-04-02T18:22:15,35.18,35.0482
2026-04-02T18:22:20,35.47,35.0447
2026-04-02T18:22:25,35.56,35.0412
2026-04-02T18:22:30,35.74,35.0377
2026-04-02T18:22:35,34.99,35.0342
2026-04-02T18:22:40,35.47,35.0307
2026-04-02T18:22:45,35.76,35.0272
2026-04-02T18:22:50,35.2,35.0237
2026-04-02T18:22:55,35.18,35.0202
2026-04-02T18:23:00,35.21,35.0167
2026-04-02T18:23:05,35.36,35.0132
2026-04-02T18:23:10,35.96,35.0097
2026-04-02T18:23:15,35.49,35.0062
2026-04-02T18:23:20,35.73,35.0028
2026-04-02T18:23:25,35.34,34.9993
2026-04-02T18:23:30,35.83,34.9958
2026-04-02T18:23:35,35.28,34.9923
2026-04-02T18:23:40,35.61,34.9888
2026-04-02T18:23:45,35.67,34.9853
2026-04-02T18:23:50,35.77,34.9818
2026-04-02T18:24:00,35.67,34.9748
2026-04-02T18:24:10,35.34,34.9678
2026-04-02T18:24:15,35.51,34.9643
2026-04-02T18:24:25,35.76,34.9573
2026-04-02T18:24:30,36.0,34.9538
2026-04-02T18:24:35,35.75,34.9503
2026-04-02T18:24:40,35.61,34.9468
2026-04-02T18:24:45,34.97,34.9433
2026-04-02T18:24:50,35.65,34.9398
2026-04-02T18:24:55,35.73,34.9363
2026-04-02T18:25:00,35.36,34.9329
2026-04-02T18:25:15,35.88,34.9224
2026-04-02T18:25:20,35.64,34.9189
2026-04-02T18:25:25,35.79,34.9154
2026-04-02T18:25:30,35.88,34.9119
2026-04-02T18:25:40,35.37,34.9049
2026-04-02T18:25:45,34.96,34.9014
2026-04-02T18:25:50,35.7,34.8979
2026-04-02T18:25:55,35.87,34.8944
2026-04-02T18:26:00,35.91,34.8909
2026-04-02T18:26:05,35.75,34.8874
2026-04-02T18:26:10,35.84,34.8839
2026-04-02T18:26:15,35.97,34.8804
2026-04-02T18:26:20,35.31,34.8769
2026-04-02T18:26:25,35.74,34.8734
2026-04-02T18:26:30,35.6,34.8699
2026-04-02T18:26:35,35.55,34.8664
2026-04-02T18:26:40,35.12,34.8629
2026-04-02T18:26:45,35.02,34.8595
2026-04-02T18:26:50,35.82,34.856
2026-04-02T18:26:55,35.61,34.8525
2026-04-02T18:27:00,35.2,34.849
2026-04-02T18:27:05,34.95,34.8455
2026-04-02T18:27:10,35.19,34.842
2026-04-02T18:27:15,35.15,34.8385
2026-04-02T18:27:20,35.49,34.835
2026-04-02T18:27:25,35.89,34.8315
2026-04-02T18:27:30,35.32,34.828
2026-04-02T18:27:35,35.15,34.8245
2026-04-02T18:27:40,35.51,34.821
2026-04-02T18:27:45,35.84,34.8175
2026-04-02T18:27:50,35.06,34.814
2026-04-02T18:27:55,35.82,34.8105
2026-04-02T18:28:00,35.0,34.807
2026-04-02T18:28:05,35.28,34.8035
2026-04-02T18:28:10,35.82,34.8
2026-04-02T18:28:15,35.82,34.7965
2026-04-02T18:28:20,35.81,34.793
2026-04-02T18:28:25,35.92,34.7895
2026-04-02T18:28:30,35.37,34.7861
2026-04-02T18:28:35,35.21,34.7826
2026-04-02T18:28:40,35.05,34.7791
2026-04-02T18:28:45,35.26,34.7756
2026-04-02T18:28:50,35.49,34.7721
2026-04-02T18:28:55,35.87,34.7686
2026-04-02T18:29:00,35.55,34.7651
2026-04-02T18:29:05,35.22,34.7616
2026-04-02T18:29:10,35.17,34.7581
2026-04-02T18:29:15,35.75,34.7546
2026-04-02T18:29:25,35.35,34.7476
2026-04-02T18:29:30,35.33,34.7441
2026-04-02T18:29:35,35.14,34.7406
2026-04-02T18:29:40,35.29,34.7371
2026-04-02T18:29:45,35.42,34.7336
2026-04-02T18:29:50,35.84,34.7301
2026-04-02T18:29:55,35.2,34.7266
2026-04-02T18:30:00,35.31,34.7231
2026-04-02T18:30:10,35.74,34.7161
2026-04-02T18:30:15,35.65,34.7127
2026-04-02T18:30:20,35.51,34.7092
2026-04-02T18:30:25,35.76,34.7057
2026-04-02T18:30:30,35.81,34.7022
2026-04-02T18:30:40,35.75,34.6952
2026-04-02T18:30:50,35.68,34.6882
2026-04-02T18:30:55,35.88,34.6847
2026-04-02T18:31:00,35.23,34.6812
2026-04-02T18:31:05,35.44,34.6777
2026-04-02T18:31:10,35.9,34.6742
2026-04-02T18:31:15,35.15,34.6707
2026-04-02T18:31:20,36.05,34.6672
2026-04-02T18:31:25,35.81,34.6637
2026-04-02T18:31:30,35.76,34.6602
2026-04-02T18:31:35,35.39,34.6567
2026-04-02T18:31:40,35.52,34.6532
2026-04-02T18:31:45,35.73,34.6497
2026-04-02T18:31:55,35.51,34.6427
2026-04-02T18:32:00,35.45,34.6393
2026-04-02T18:32:05,35.51,34.6358
2026-04-02T18:32:10,35.62,34.6323
2026-04-02T18:32:15,35.27,34.6288
2026-04-02T18:32:20,35.28,34.6253
2026-04-02T18:32:25,35.24,34.6218
2026-04-02T18:32:30,35.72,34.6183
2026-04-02T18:32:35,35.1,34.6148
2026-04-02T18:32:40,35.4,34.6113
2026-04-02T18:32:45,35.29,34.6078
2026-04-02T18:32:50,35.55,34.6043
2026-04-02T18:32:55,35.07,34.6008
2026-04-02T18:33:05,35.94,34.5938
2026-04-02T18:33:10,35.15,34.5903
2026-04-02T18:33:15,35.94,34.5868
2026-04-02T18:33:20,35.26,34.5833
2026-04-02T18:33:25,35.72,34.5798
2026-04-02T18:33:30,35.28,34.5763
2026-04-02T18:33:35,35.49,34.5728
2026-04-02T18:33:40,35.51,34.5693
2026-04-02T18:33:45,35.57,34.5658
2026-04-02T18:33:55,35.68,34.5589
2026-04-02T18:34:00,35.19,34.5554
2026-04-02T18:34:05,35.09,34.5519
2026-04-02T18:34:10,35.48,34.5484
2026-04-02T18:34:15,35.66,34.5449
2026-04-02T18:34:20,35.68,34.5414
2026-04-02T18:34:25,35.79,34.5379
2026-04-02T18:34:30,35.83,34.5344
2026-04-02T18:34:35,35.49,34.5309
2026-04-02T18:34:40,35.11,34.5274
2026-04-02T18:34:45,34.98,34.5239
2026-04-02T18:34:50,35.29,34.5204
2026-04-02T18:34:55,35.42,34.5169
2026-04-02T18:35:00,35.79,34.5134
2026-04-02T18:35:05,35.33,34.5099
2026-04-02T18:35:10,35.69,34.5064
2026-04-02T18:35:15,35.17,34.5029
2026-04-02T18:35:20,35.38,34.4994
2026-04-02T18:35:25,35.09,34.4959
2026-04-02T18:35:30,35.22,34.4924
2026-04-02T18:35:35,35.78,34.4889
2026-04-02T18:35:40,35.2,34.4854
2026-04-02T18:35:45,35.21,34.482
2026-04-02T18:35:50,35.61,34.4785
2026-04-02T18:35:55,35.16,34.475
2026-04-02T18:36:00,35.24,34.4715
2026-04-02T18:36:05,35.64,34.468
2026-04-02T18:36:10,35.6,34.4645
2026-04-02T18:36:15,35.17,34.461
2026-04-02T18:36:20,35.69,34.4575
2026-04-02T18:36:25,35.62,34.454
2026-04-02T18:36:30,35.82,34.4505
2026-04-02T18:36:40,35.12,34.4435
2026-04-02T18:36:50,35.35,34.4365
2026-04-02T18:36:55,35.87,34.433
2026-04-02T18:37:00,35.94,34.4295
2026-04-02T18:37:05,35.81,34.426
2026-04-02T18:37:15,35.49,34.419
2026-04-02T18:37:20,35.19,34.4155
2026-04-02T18:37:25,36.03,34.412
2026-04-02T18:37:30,35.61,34.4085
2026-04-02T18:37:40,35.26,34.4016
2026-04-02T18:37:45,35.79,34.3981
2026-04-02T18:37:50,35.32,34.3946
2026-04-02T18:37:55,35.49,34.3911
2026-04-02T18:38:00,35.18,34.3876
2026-04-02T18:38:05,35.5,34.3841
2026-04-02T18:38:10,35.15,34.3806
2026-04-02T18:38:15,35.42,34.3771
2026-04-02T18:38:20,35.19,34.3736
2026-04-02T18:38:25,35.49,34.3701
2026-04-02T18:38:35,35.36,34.3631
2026-04-02T18:38:45,36.09,34.3561
2026-04-02T18:38:50,35.22,34.3526
2026-04-02T18:38:55,35.9,34.3491
2026-04-02T18:39:00,35.74,34.3456
2026-04-02T18:39:05,35.78,34.3421
2026-04-02T18:39:10,35.71,34.3386
2026-04-02T18:39:15,34.94,34.3351
2026-04-02T18:39:20,35.59,34.3316
2026-04-02T18:39:25,35.56,34.3281
2026-04-02T18:39:30,35.46,34.3247
2026-04-02T18:39:35,35.44,34.3212
2026-04-02T18:39:40,35.72,34.3177
2026-04-02T18:39:45,35.26,34.3142
2026-04-02T18:39:50,35.61,34.3107
2026-04-02T18:39:55,35.88,34.3072
2026-04-02T18:40:00,35.61,34.3037
2026-04-02T18:40:05,35.18,34.3002
2026-04-02T18:40:10,35.15,34.2967
2026-04-02T18:40:15,35.19,34.2932
2026-04-02T18:40:20,35.24,34.2897
2026-04-02T18:40:25,35.05,34.2862
2026-04-02T18:40:30,35.33,34.2827
2026-04-02T18:40:35,35.92,34.2792
2026-04-02T18:40:40,35.1,34.2757
2026-04-02T18:40:45,35.19,34.2722
2026-04-02T18:40:55,36.01,34.2652
2026-04-02T18:41:00,35.47,34.2617
2026-04-02T18:41:05,35.12,34.2582
2026-04-02T18:41:10,35.51,34.2547
2026-04-02T18:41:15,35.31,34.2512
2026-04-02T18:41:20,35.82,34.2477
2026-04-02T18:41:25,35.74,34.2442
2026-04-02T18:41:30,35.82,34.2408
2026-04-02T18:41:35,35.9,34.2373
2026-04-02T18:41:40,35.82,34.2338
2026-04-02T18:41:45,35.7,34.2303
2026-04-02T18:41:50,35.26,34.2268
2026-04-02T18:41:55,34.99,34.2233
2026-04-02T18:42:00,35.2,34.2198
2026-04-02T18:42:05,35.58,34.2163
2026-04-02T18:42:10,35.86,34.2128
2026-04-02T18:42:15,35.66,34.2093
2026-04-02T18:42:20,35.09,34.2058
2026-04-02T18:42:25,35.18,34.2023
2026-04-02T18:42:30,35.07,34.1988
2026-04-02T18:42:35,35.91,34.1953
2026-04-02T18:42:40,35.91,34.1918
2026-04-02T18:42:45,35.04,34.1883
2026-04-02T18:42:50,35.67,34.1848
2026-04-02T18:42:55,35.88,34.1813
2026-04-02T18:43:00,35.73,34.1778
2026-04-02T18:43:05,35.69,34.1743
2026-04-02T18:43:10,35.62,34.1708
2026-04-02T18:43:15,35.28,34.1673
2026-04-02T18:43:20,35.46,34.1638
2026-04-02T18:43:25,35.56,34.1603
2026-04-02T18:43:30,35.22,34.1569
2026-04-02T18:43:40,35.16,34.1499
2026-04-02T18:43:45,35.09,34.1464
2026-04-02T18:43:55,35.63,34.1394
2026-04-02T18:44:05,35.12,34.1324
2026-04-02T18:44:10,35.94,34.1289
2026-04-02T18:44:15,35.05,34.1254
2026-04-02T18:44:20,35.67,34.1219
2026-04-02T18:44:25,35.21,34.1184
2026-04-02T18:44:30,35.14,34.1149
2026-04-02T18:44:35,35.53,34.1114
2026-04-02T18:44:40,35.84,34.1079
2026-04-02T18:44:45,35.55,34.1044
2026-04-02T18:44:50,35.46,34.1009
2026-04-02T18:44:55,36.01,34.0974
2026-04-02T18:45:05,35.16,34.0904
2026-04-02T18:45:10,35.81,34.0869
2026-04-02T18:45:15,35.1,34.0834
2026-04-02T18:45:20,35.8,34.0799
2026-04-02T18:45:25,35.81,34.0764
2026-04-02T18:45:30,35.36,34.073
2026-04-02T18:45:35,35.69,34.0695
2026-04-02T18:45:40,35.21,34.066
2026-04-02T18:45:45,35.51,34.0625
2026-04-02T18:45:50,35.16,34.059
2026-04-02T18:46:00,35.07,34.052
2026-04-02T18:46:05,35.74,34.0485
2026-04-02T18:46:15,34.93,34.0415
2026-04-02T18:46:20,35.26,34.038
2026-04-02T18:46:25,35.16,34.0345
2026-04-02T18:46:30,35.42,34.031
2026-04-02T18:46:35,35.01,34.0275
2026-04-02T18:46:40,35.07,34.024
2026-04-02T18:46:45,35.76,34.0205
2026-04-02T18:46:50,35.26,34.017
2026-04-02T18:46:55,35.56,34.0135
2026-04-02T18:47:00,35.63,34.01
2026-04-02T18:47:05,35.76,34.0065
2026-04-02T18:47:10,35.25,34.003
2026-04-02T18:47:15,35.51,33.9995
2026-04-02T18:47:20,35.36,33.996
2026-04-02T18:47:25,35.68,33.9925
2026-04-02T18:47:30,35.92,33.989
2026-04-02T18:47:35,35.77,33.9856
2026-04-02T18:47:39,34.59,33.9856
2026-04-02T18:47:44,34.54,33.9856
2026-04-02T18:47:49,34.6,33.9855
2026-04-02T18:47:54,34.59,33.9855
2026-04-02T18:48:04,34.48,33.9855
2026-04-02T18:48:09,34.4,33.9854
2026-04-02T18:48:14,34.55,33.9854
2026-04-02T18:48:19,34.45,33.9854
2026-04-02T18:48:24,34.49,33.9854
2026-04-02T18:48:29,34.43,33.9853
2026-04-02T18:48:34,34.48,33.9853
2026-04-02T18:48:39,34.57,33.9853
2026-04-02T18:48:44,34.46,33.9853
2026-04-02T18:48:49,34.53,33.9852
2026-04-02T18:48:54,34.45,33.9852
2026-04-02T18:48:59,34.54,33.9852
2026-04-02T18:49:04,34.46,33.9852
